Gender,Married,Dependents,Education,Self_Employed,ApplicantIncome,CoapplicantIncome,LoanAmount,Loan_Amount_Term,Credit_History,Property_Area,Loan_Amount_Term_Code,Total_Income,Income_Per_Person,Loan_Income_Ratio,Educated_SelfEmployed,is_Single,Loan_Status
1,0,0.0,1,0,18.354369986664945,0.0,21.574524953158896,360.0,1,2,9,18.354369986664945,18.354369986664945,1.1754435030367971,0,1,1
1,1,1.0,1,0,18.11045308573104,16.99888359123544,21.44012954412367,360.0,1,0,9,35.10933667696648,17.55466833848324,0.6106674626578603,0,0,0
1,1,0.0,1,1,17.686711568872166,0.0,20.777754022230482,360.0,1,2,9,17.686711568872166,17.686711568872166,1.1747663742534489,1,0,1
1,1,0.0,0,0,17.537050794317757,17.445913108824747,21.3755910229861,360.0,1,2,9,34.982963903142505,34.982963903142505,0.6110285875767645,0,0,1
1,0,0.0,1,0,18.37985874943211,0.0,21.536859170582222,360.0,1,2,9,18.37985874943211,18.37985874943211,1.1717641285598919,0,1,1
1,1,2.0,1,1,18.27764143687982,18.022230985633243,22.175347938604304,360.0,1,2,9,36.29987242251306,12.09995747417102,0.6108932747887903,1,0,1
1,1,0.0,0,0,17.43525427324335,17.004174608651148,21.141976171804597,360.0,1,2,9,34.4394288818945,34.4394288818945,0.6138886984539793,0,0,1
1,1,3.0,1,0,17.69864013973744,17.505988758401973,21.65069431323102,360.0,0,1,9,35.20462889813941,8.801157224534853,0.6149956693443593,0,0,0
1,1,2.0,1,0,17.975892517447683,17.010749254023068,21.712063259607316,360.0,1,2,9,34.98664177147075,11.662213923823584,0.6205815179813011,0,0,1
1,1,1.0,1,0,19.140742457053193,18.983081228162465,22.443171202406482,360.0,1,1,9,38.123823685215655,19.061911842607827,0.5886915065948618,0,0,0
1,1,2.0,1,0,17.751250090009737,16.231424425551033,20.836594522253414,360.0,1,2,9,33.982674515560774,11.32755817185359,0.6131534618534004,0,0,1
1,1,2.0,1,0,17.50439001207821,17.19786488579234,21.2794471624332,360.0,1,2,9,34.70225489787055,11.567418299290184,0.6132007048262151,0,0,1
1,1,2.0,1,0,17.7107535633524,18.68070381612051,21.886416646752092,360.0,1,2,9,36.39145737947291,12.130485793157638,0.6014163274235184,0,0,1
1,0,0.0,1,0,17.20490522750728,17.63190335438421,21.32429772859855,360.0,1,0,9,34.83680858189149,34.83680858189149,0.6121197261359678,0,1,0
1,1,2.0,1,0,16.849694017892517,16.670600559266443,19.42131262426027,120.0,1,2,5,33.520294577158964,11.173431525719655,0.5793896762916317,0,0,1
1,0,0.0,1,0,18.187486856784655,0.0,21.416413017506358,360.0,1,2,9,18.187486856784655,18.187486856784655,1.177535587305026,0,1,1
1,0,1.0,0,0,17.86792139681343,0.0,21.193269466192145,240.0,1,2,7,17.86792139681343,8.933960698406715,1.1861071579356601,0,0,1
0,0,0.0,1,0,17.84371531768183,0.0,20.918832620490388,360.0,0,2,9,17.84371531768183,17.84371531768183,1.1723361557870933,0,1,0
1,1,0.0,0,0,18.174677898492074,0.0,21.47844840842581,360.0,1,0,9,18.174677898492074,18.174677898492074,1.1817787654001748,0,0,0
1,1,0.0,1,0,17.543610725231492,17.840862266556567,21.333031408567305,360.0,1,2,9,35.38447299178806,35.38447299178806,0.6028924441948936,0,0,1
1,1,0.0,0,0,18.624111263956554,0.0,21.23249017934543,360.0,0,2,9,18.624111263956554,18.624111263956554,1.14005387309068,0,0,0
1,1,1.0,1,0,18.372330483011318,18.31532023940565,22.34067191902969,360.0,1,2,9,36.68765072241697,18.343825361208484,0.6089425591205556,0,0,1
1,1,0.0,0,0,17.543610725231492,17.23572597816758,21.34168947131042,360.0,0,1,9,34.77933670339907,34.77933670339907,0.6136312964595626,0,0,0
1,1,2.0,0,0,17.801527243300747,17.238860776870588,21.30659815149915,360.0,0,0,9,35.040388020171335,11.680129340057112,0.6080582823236376,0,0,0
1,1,1.0,1,0,17.90101617151917,17.661393782255395,21.60537911701898,360.0,1,1,9,35.56240995377456,17.78120497688728,0.6075341672598261,0,0,0
1,1,0.0,1,1,18.845687007267365,0.0,21.840372708250687,360.0,1,1,9,18.845687007267365,18.845687007267365,1.1589056265143582,1,0,1
1,1,0.0,1,0,17.617361490737373,17.400361969394954,21.392120324937313,360.0,1,1,9,35.01772346013233,35.01772346013233,0.6108940905108305,0,0,1
1,1,2.0,0,0,18.02935519939792,16.627320053453488,21.28857964599647,360.0,1,2,9,34.65667525285141,11.552225084283803,0.6142706849597448,0,0,1
1,0,0.0,0,0,16.954130319066813,0.0,20.14344734169347,360.0,1,2,9,16.954130319066813,16.954130319066813,1.188114457221077,0,1,0
0,0,2.0,1,0,17.909855120186375,17.321908472487692,21.3755910229861,360.0,1,1,9,35.23176359267407,11.743921197558024,0.6067136255259967,0,0,1
1,1,1.0,1,0,18.015055623042837,17.80271526317997,21.89140418826313,360.0,1,2,9,35.8177708862228,17.9088854431114,0.6111883471978875,0,0,0
1,0,0.0,1,0,17.74088404776056,0.0,20.892164373408225,360.0,1,2,9,17.74088404776056,17.74088404776056,1.1776281450892778,0,1,0
1,0,1.0,1,1,18.133958210995285,0.0,21.251538374316123,360.0,1,0,9,18.133958210995285,9.066979105497643,1.1719194522809993,1,0,0
1,1,0.0,1,0,17.840862248699423,17.09912492146521,21.32429772859855,360.0,1,1,9,34.939987170164635,34.939987170164635,0.6103121224614368,0,0,1
1,0,3.0,1,0,19.11382792451231,17.6867115897055,22.356420275997827,360.0,1,0,9,36.80053951421781,9.200134878554453,0.6075025141237528,0,0,0
1,1,0.0,1,0,17.41007933260697,17.314197591140744,21.574524953158896,360.0,1,2,9,34.72427692374771,34.72427692374771,0.6213095524072444,0,0,1
1,1,0.0,1,0,17.191321753236014,16.873278269430198,21.193269466192145,360.0,0,2,9,34.06460002266621,34.06460002266621,0.6221493706689752,0,0,0
0,1,0.0,1,0,17.887473169293244,16.965850592582264,21.557912579780055,360.0,1,1,9,34.85332376187551,34.85332376187551,0.6185324741785829,0,0,1
1,0,0.0,1,0,18.015055623042837,18.563568240169428,21.80303503781304,360.0,1,2,9,36.578623863212265,36.578623863212265,0.5960594668445337,0,1,1
1,0,0.0,0,0,17.90932164458023,17.099724621610633,21.28857964599647,360.0,1,1,9,35.009046266190865,35.009046266190865,0.6080879634403351,0,1,1
1,0,0.0,1,0,17.86903312566612,0.0,20.970125914877936,360.0,1,2,9,17.86903312566612,17.86903312566612,1.173545639957294,0,1,0
1,0,0.0,1,0,17.175885945106174,16.78119596169111,20.438246881914115,360.0,1,2,9,33.957081906797285,33.957081906797285,0.6018846654141661,0,1,1
1,1,0.0,1,0,17.463568017557954,0.0,20.905587393740365,360.0,1,2,9,17.463568017557954,17.463568017557954,1.197097143763622,0,0,1
1,1,0.0,1,0,17.959533778416922,17.43653937192517,21.485939080154967,360.0,1,1,9,35.39607315034209,35.39607315034209,0.6070147665503769,0,0,1
1,1,0.0,0,1,18.134597392864283,0.0,21.15244747167189,360.0,1,2,9,18.134597392864283,18.134597392864283,1.1664139552386805,0,0,1
0,0,0.0,1,0,17.81481157149948,0.0,21.065436094682262,360.0,1,2,9,17.81481157149948,17.81481157149948,1.1824675220468344,0,1,1
1,1,1.0,1,0,18.31957781854718,0.0,20.372288914122315,360.0,1,2,9,18.31957781854718,9.15978890927359,1.11205013106235,0,0,1
1,1,0.0,1,0,18.349571348493654,0.0,21.557912579780055,360.0,1,2,9,18.349571348493654,18.349571348493654,1.1748455683434686,0,0,1
0,1,0.0,1,0,17.560770345514317,17.823570769757968,21.3755910229861,360.0,0,2,9,35.384341115272285,35.384341115272285,0.6040974721939969,0,0,0
0,0,0.0,1,0,17.974393641323946,17.410079360079497,21.557912579780055,360.0,1,1,9,35.38447300140344,35.38447300140344,0.6092478070515565,0,1,1
0,1,0.0,0,0,17.24458247639241,17.085231614855076,21.193269466192145,360.0,1,1,9,34.329814091247485,34.329814091247485,0.617342972200815,0,0,1
0,0,0.0,1,0,17.714975034145024,0.0,21.3755910229861,360.0,1,1,9,17.714975034145024,17.714975034145024,1.2066396357762492,0,1,1
0,0,0.0,1,0,18.030301273262243,0.0,21.30659815149915,360.0,1,1,9,18.030301273262243,18.030301273262243,1.1817106008702938,0,1,0
1,1,2.0,1,0,18.117627809409854,0.0,21.485939080154967,360.0,1,2,9,18.117627809409854,6.039209269803284,1.1859134819513013,0,0,0
0,1,1.0,1,1,19.03044631557326,0.0,22.244091091023908,360.0,0,2,9,19.03044631557326,9.51522315778663,1.168868597307716,1,0,0
1,1,2.0,1,0,17.584309635254083,16.7425356870646,21.162810258707438,360.0,1,1,9,34.32684532231868,11.442281774106227,0.6165090342556987,0,0,1
1,1,0.0,1,0,17.345159786507654,17.052462068843173,21.15244747167189,360.0,1,1,9,34.39762185535083,34.39762185535083,0.6149392408760799,0,0,1
1,1,0.0,1,0,17.801824375972668,17.376556668977415,21.493374058642484,360.0,1,0,9,35.178381044950086,35.178381044950086,0.6109824676462162,0,0,0
1,1,1.0,1,0,18.67749115273706,17.399029524198163,21.781056131094267,360.0,1,2,9,36.07652067693522,18.03826033846761,0.6037460298941616,0,0,1
1,1,2.0,0,0,17.79914699820195,17.63857121540502,21.557912579780055,360.0,1,2,9,35.43771821360697,11.81257273786899,0.6083324115236769,0,0,1
1,1,0.0,1,0,17.50439001207821,17.922047177416438,21.3755910229861,360.0,1,2,9,35.42643718949465,35.42643718949465,0.6033796429668862,0,0,1
1,1,3.0,1,0,17.696331812249156,0.0,21.183219130338646,360.0,1,2,9,17.696331812249156,4.424082953062289,1.1970401185445627,0,0,1
1,1,0.0,0,1,17.547066286358646,17.826183632279953,21.694044754104635,180.0,0,0,6,35.3732499186386,35.3732499186386,0.6132895564869706,0,0,0
1,1,1.0,1,0,18.18647624527873,0.0,21.574524953158896,360.0,0,0,9,18.18647624527873,9.093238122639365,1.1862949513795844,0,0,0
0,0,0.0,1,0,18.015055623042837,0.0,21.34168947131042,360.0,0,1,9,18.015055623042837,18.015055623042837,1.18465853882863,0,1,0
1,1,0.0,1,0,18.33311648687998,18.113068049613446,22.14105886512567,360.0,1,1,9,36.446184536493426,36.446184536493426,0.6075000482685894,0,0,0
1,0,0.0,0,0,17.751250090009737,17.40080572355012,21.424381187155532,180.0,0,2,6,35.152055813559855,35.152055813559855,0.6094773318746014,0,1,0
1,1,1.0,1,0,18.963005034777726,0.0,22.331102468013537,360.0,1,2,9,18.963005034777726,9.481502517388863,1.1776141190206297,0,0,1
1,1,3.0,0,1,18.548194064251327,0.0,21.416413017506358,60.0,1,2,3,18.548194064251327,4.637048516062832,1.15463602242458,0,0,1
0,0,0.0,1,0,18.04671430290357,0.0,21.50075416594011,360.0,0,1,9,18.04671430290357,18.04671430290357,1.1913943893089065,0,1,0
1,1,0.0,1,0,17.753746970208322,17.708473081038544,21.735593757017508,360.0,1,2,9,35.46222005124687,35.46222005124687,0.6129225334907726,0,0,1
1,1,2.0,0,1,17.216707939626428,17.216707972959764,21.162810258707438,360.0,1,1,9,34.43341591258619,11.477805304195398,0.6146009536907999,0,0,1
1,0,0.0,1,0,17.840862248699423,0.0,20.982548434876495,300.0,1,1,8,17.840862248699423,17.840862248699423,1.1760949746924982,0,1,1
1,1,3.0,0,0,18.14729597620141,0.0,21.141976171804597,360.0,0,1,9,18.14729597620141,4.536823994050352,1.1650207391520173,0,0,0
1,1,3.0,1,1,18.249370341278173,17.16133619932256,21.819207897058643,360.0,1,1,9,35.41070654060073,8.852676635150182,0.6161754460347034,1,0,1
1,0,0.0,1,0,17.909855120186375,0.0,21.315487098916396,480.0,1,2,10,17.909855120186375,17.909855120186375,1.1901540775107387,0,1,0
1,0,0.0,1,0,17.909855120186375,18.1462439114085,21.758583275242206,360.0,1,2,9,36.056099031594876,36.056099031594876,0.6034647080422043,0,1,0
1,1,1.0,1,1,16.588099280204055,17.69401816473627,21.28857964599647,360.0,1,2,9,34.282117444940326,17.141058722470163,0.6209820522372208,1,0,0
1,1,3.0,1,0,17.74088404776056,17.974393656948944,21.781056131094267,300.0,0,1,8,35.71527770470951,8.928819426177377,0.6098526325674394,0,0,0
1,1,3.0,0,1,17.791972079529657,17.360981457637887,21.45563373065964,360.0,1,1,9,35.15295353716755,8.788238384291887,0.6103508118592196,0,0,1
0,0,0.0,1,0,17.935132927370642,0.0,21.29762948151639,360.0,1,1,9,17.935132927370642,17.935132927370642,1.1874809943010944,0,1,1
1,1,1.0,1,1,17.461482511066933,0.0,21.574524953158896,360.0,1,1,9,17.461482511066933,8.730741255533466,1.2355494408613446,1,0,1
0,1,2.0,1,0,16.908732452795523,17.219902863749954,21.70609309262081,360.0,1,2,9,34.12863531654548,11.376211772181826,0.6360082344721751,0,0,0
1,1,0.0,1,0,18.37985874943211,17.399029524198163,22.16782910619028,360.0,1,1,9,35.77888827363027,35.77888827363027,0.6195784770240722,0,0,0
1,1,1.0,1,0,17.971389132303646,0.0,20.5001222856322,240.0,1,2,7,17.971389132303646,8.985694566151823,1.1407088308372972,0,0,1
1,0,0.0,1,0,17.44930004576025,17.51671378646084,21.50075416594011,360.0,1,1,9,34.966013832221094,34.966013832221094,0.6149043545286028,0,1,1
1,1,2.0,0,0,17.791972079529657,17.281246492014,21.183219130338646,360.0,1,1,9,35.073218571543656,11.691072857181219,0.6039713488834316,0,0,1
1,1,0.0,1,0,17.50439001207821,17.33857155689224,21.23249017934543,360.0,1,1,9,34.84296156897045,34.84296156897045,0.6093767355945459,0,0,1
1,0,0.0,1,0,18.735900159397236,0.0,21.935206810921525,360.0,1,2,9,18.735900159397236,18.735900159397236,1.1707580967183813,0,1,1
1,1,0.0,1,0,18.3276878771032,18.01529564764317,21.75288525412757,360.0,1,1,9,36.34298352474637,36.34298352474637,0.5985442895549775,0,0,1
1,1,0.0,1,0,17.672612644492663,17.652810038748207,21.463296603405208,360.0,1,1,9,35.32542268324087,35.32542268324087,0.6075878212658401,0,0,1
1,1,2.0,1,0,18.420680743952367,18.320462550529577,21.824541243034005,180.0,1,1,6,36.741143294481944,12.247047764827315,0.5940082231004438,0,0,1
1,1,2.0,0,0,17.7738062757231,17.18693581563342,20.982548434876495,360.0,1,2,9,34.96074209135652,11.65358069711884,0.6001745723831214,0,0,1
1,0,0.0,1,0,18.00710281573365,0.0,21.392120324937313,360.0,1,1,9,18.00710281573365,18.00710281573365,1.1879823502893545,0,1,1
1,0,0.0,0,0,17.874573306041736,0.0,19.806975105072254,120.0,1,1,5,17.874573306041736,17.874573306041736,1.108108975019692,0,1,1
1,0,0.0,1,0,18.502371323907504,0.0,21.574524953158896,360.0,1,2,9,18.502371323907504,18.502371323907504,1.1660410752475692,0,1,0
0,1,0.0,1,0,17.497969444275288,17.42187761765405,21.50808020603218,360.0,1,1,9,34.91984706192934,34.91984706192934,0.6159271020828992,0,0,1
1,1,0.0,1,0,17.269679824392536,16.585094833871818,20.5001222856322,360.0,1,1,9,33.854774658264354,33.854774658264354,0.6055311988504959,0,0,1
1,1,0.0,0,0,18.020322573212347,0.0,21.333031408567305,180.0,1,1,6,18.020322573212347,18.020322573212347,1.183831827754259,0,0,1
1,1,0.0,1,0,17.152844745959477,17.852508470984205,21.463296603405208,360.0,1,1,9,35.00535321694368,35.00535321694368,0.6131432661281162,0,0,1
1,1,2.0,0,0,18.043919703972556,17.77074631696939,21.47844840842581,180.0,1,2,6,35.81466602094194,11.938222006980647,0.5997109786216266,0,0,1
1,0,0.0,1,0,18.165633643625146,17.924678065499453,21.60537911701898,360.0,1,1,9,36.0903117091246,36.0903117091246,0.5986476174312609,0,1,1
1,1,0.0,1,0,19.201838801835024,0.0,21.574524953158896,360.0,1,2,9,19.201838801835024,19.201838801835024,1.1235655697253915,0,0,1
1,1,0.0,1,0,18.125396514860473,17.864299735970356,21.574524953158896,360.0,1,1,9,35.98969625083083,35.98969625083083,0.5994639355329608,0,0,1
1,1,0.0,1,0,17.927302033790095,16.305736452121117,21.663273095437884,360.0,1,2,9,34.23303848591121,34.23303848591121,0.6328177121745567,0,0,1
1,1,1.0,1,0,17.703896393626266,16.617658143125208,21.193269466192145,360.0,1,2,9,34.32155453675148,17.16077726837574,0.6174915370892777,0,0,1
1,1,2.0,1,0,19.023202752898246,16.70677086542777,22.004199682408476,360.0,1,2,9,35.729973618326014,11.909991206108671,0.6158470733133274,0,0,1
1,0,0.0,0,0,18.580483989315717,0.0,21.3755910229861,360.0,1,0,9,18.580483989315717,18.580483989315717,1.1504324125936465,0,1,0
1,1,2.0,1,0,17.923100346936394,17.86903314302723,21.96337768788822,360.0,0,2,9,35.792133489963625,11.930711163321208,0.6136370075297944,0,0,0
1,1,3.0,0,0,17.316130862617502,16.305736452121117,21.131394062474058,480.0,1,1,10,33.62186731473862,8.405466828684656,0.6285015006650393,0,0,1
1,0,0.0,1,0,18.258820421055056,0.0,21.50075416594011,360.0,1,2,9,18.258820421055056,18.258820421055056,1.1775543912544666,0,1,1
0,1,0.0,1,0,17.662760348049652,17.435254300032888,21.52257321333475,360.0,1,1,9,35.09801464808254,35.09801464808254,0.6132134090527699,0,0,1
1,1,0.0,0,0,17.861224943218307,18.002495086626848,21.61197980105033,360.0,0,0,9,35.863720029845155,35.863720029845155,0.6026140005293713,0,0,0
0,0,1.0,1,1,18.596447531775645,0.0,21.574524953158896,360.0,1,1,9,18.596447531775645,9.298223765887823,1.1601422753617123,1,0,1
1,0,0.0,1,0,18.207487523491324,0.0,21.35878390466972,360.0,1,1,9,18.207487523491324,18.207487523491324,1.1730769485417794,0,1,1
1,1,1.0,1,0,19.267955746935485,0.0,21.80845510528238,180.0,1,0,6,19.267955746935485,9.633977873467742,1.13185100649564,0,0,1
0,1,0.0,1,0,17.74088404776056,17.413589675127973,21.625051882617683,360.0,1,1,9,35.15447372288853,35.15447372288853,0.6151436671497644,0,0,1
1,1,1.0,1,0,17.3829001144905,16.923141968722398,21.03075053669437,360.0,1,2,9,34.3060420832129,17.15302104160645,0.6130334267556158,0,0,1
1,1,0.0,1,0,18.305135203236173,17.34983928140795,21.75288525412757,360.0,1,0,9,35.65497448464412,35.65497448464412,0.6100939789901153,0,0,0
0,0,0.0,1,0,18.93067402141426,0.0,22.144927341903593,360.0,1,2,9,18.93067402141426,18.93067402141426,1.1697907489640036,0,1,1
1,1,0.0,1,0,18.322759157391538,17.569053548838504,21.781056131094267,360.0,1,0,9,35.89181270623004,35.89181270623004,0.6068530533514555,0,0,1
0,0,0.0,1,0,18.015055623042837,0.0,20.372288914122315,360.0,1,1,9,18.015055623042837,18.015055623042837,1.130847960750361,0,1,1
0,0,0.0,1,0,17.347502256541066,18.783099169478074,21.50808020603218,360.0,0,1,9,36.13060142601914,36.13060142601914,0.5952870795708184,0,1,1
1,1,2.0,1,0,17.672274521074396,0.0,20.982548434876495,360.0,1,1,9,17.672274521074396,5.890758173691466,1.1873145366689817,0,0,1
1,1,0.0,0,0,18.04671430290357,17.288222105533197,21.855957439267385,360.0,1,0,9,35.33493640843677,35.33493640843677,0.6185367701425645,0,0,1
0,0,0.0,1,0,17.89426759684466,0.0,21.12069877335731,360.0,1,0,9,17.89426759684466,17.89426759684466,1.1803052938071394,0,1,1
1,1,3.0,1,0,19.757910903357967,0.0,22.501602285842324,360.0,1,0,9,19.757910903357967,4.939477725839492,1.13886545981023,0,0,1
1,0,0.0,1,0,17.94006096224344,17.08279556014992,21.574524953158896,360.0,1,0,9,35.022856522393354,35.022856522393354,0.6160127155637435,0,1,1
1,1,1.0,1,1,18.94071186679775,17.936172444737515,21.663273095437884,180.0,0,2,6,36.876884311535264,18.438442155767632,0.5874485738119017,1,0,0
1,1,0.0,1,0,18.393103976182132,17.531616022660334,21.79210596728085,360.0,1,0,9,35.92471999884246,35.92471999884246,0.6066047548312977,0,0,0
1,0,0.0,1,1,19.59209729817508,0.0,23.065071643093738,480.0,1,2,10,19.59209729817508,19.59209729817508,1.1772640413153803,1,1,1
1,0,0.0,1,0,17.288222074500425,17.245101046527854,20.892164373408225,360.0,1,2,9,34.533323121028275,34.533323121028275,0.6049856337366624,0,1,1
1,0,0.0,1,0,17.58799559593301,0.0,20.836594522253414,360.0,1,1,9,17.58799559593301,17.58799559593301,1.1847054662142171,0,1,1
1,1,0.0,1,1,17.829078810159086,0.0,19.806975105072254,120.0,1,1,5,17.829078810159086,17.829078810159086,1.1109365388965668,1,0,1
1,0,0.0,1,0,18.17631355618653,0.0,21.213072093488325,360.0,1,1,9,18.17631355618653,18.17631355618653,1.1670723014276017,0,1,1
1,1,3.0,1,0,17.974393641323946,18.635792131633828,22.257980203184577,360.0,1,1,9,36.61018577295778,9.152546443239444,0.607972337021723,0,0,0
0,1,0.0,1,0,18.11045308573104,0.0,21.01891607904737,360.0,1,0,9,18.11045308573104,18.11045308573104,1.160595816104008,0,0,0
1,1,2.0,1,1,17.786858517477103,17.840862266556567,21.065436094682262,360.0,1,2,9,35.62772078403367,11.875906928011224,0.5912653302291119,1,0,1
1,0,0.0,1,0,19.29608281241728,0.0,22.07703700636074,360.0,0,1,9,19.29608281241728,19.29608281241728,1.144120141946835,0,1,0
1,1,2.0,0,0,18.023183805493378,16.945773768182164,21.447911684565728,360.0,1,0,9,34.96895757367554,11.65631919122518,0.6133414654805613,0,0,0
1,1,2.0,1,0,18.205902108969784,17.321908472487692,21.80845510528238,360.0,1,0,9,35.52781058145747,11.842603527152491,0.6138417974077063,0,0,0
1,0,0.0,1,0,18.27764143687982,0.0,21.712063259607316,360.0,1,2,9,18.27764143687982,18.27764143687982,1.1879028995391971,0,1,1
1,0,0.0,1,1,18.526840939780755,0.0,21.75288525412757,180.0,1,1,6,18.526840939780755,18.526840939780755,1.1741281379179904,1,1,1
1,1,0.0,1,0,17.58061003798962,17.298103608558055,21.392120324937313,360.0,1,1,9,34.87871364654767,34.87871364654767,0.6133288211749955,0,0,1
1,1,2.0,1,0,19.052548088089658,0.0,21.819207897058643,180.0,1,2,6,19.052548088089658,6.350849362696553,1.1452120627738245,0,0,1
0,1,0.0,1,0,17.433967547781666,18.089060730234305,21.193269466192145,360.0,1,1,9,35.52302827801597,35.52302827801597,0.5966064970679305,0,0,1
0,1,2.0,1,0,19.287176006507156,0.0,20.836594522253414,360.0,1,2,9,19.287176006507156,6.429058668835719,1.0803341305758558,0,0,1
1,1,1.0,1,0,17.018582151287507,16.942271137784317,19.98929666186621,360.0,1,2,9,33.96085328907182,16.98042664453591,0.5885981866156029,0,0,1
0,0,0.0,1,0,18.890684373198102,17.098524861463712,22.004199682408476,360.0,1,0,9,35.989209234661814,35.989209234661814,0.6114110354282489,0,1,0
1,1,0.0,1,0,18.169137718116456,16.401769777313763,21.416413017506358,360.0,1,1,9,34.57090749543022,34.57090749543022,0.6194923584328037,0,0,1
1,0,0.0,1,0,18.42499143953945,0.0,21.35878390466972,360.0,0,0,9,18.42499143953945,18.42499143953945,1.159228973036831,0,1,0
1,1,0.0,1,1,17.534725211874285,17.909855136853043,21.61197980105033,360.0,1,0,9,35.44458034872733,35.44458034872733,0.6097400389119385,1,0,1
1,0,0.0,1,0,18.80360026629099,0.0,22.085267505497256,360.0,1,2,9,18.80360026629099,18.80360026629099,1.1745233462066984,0,1,0
1,1,2.0,0,0,17.412713223506305,0.0,21.315487098916396,360.0,1,0,9,17.412713223506305,5.804237741168769,1.2241335870702528,0,0,0
1,0,0.0,1,0,17.7679842890009,0.0,20.5001222856322,360.0,1,2,9,17.7679842890009,17.7679842890009,1.1537674703102143,0,1,1
1,1,3.0,1,0,20.276953734005488,0.0,22.985028935420203,180.0,0,1,6,20.276953734005488,5.069238433501372,1.1335543413936549,0,0,1
1,1,1.0,1,0,18.37985874943211,0.0,21.663273095437884,360.0,1,0,9,18.37985874943211,9.189929374716055,1.1786419792865503,0,0,1
1,1,1.0,1,0,18.84338310008009,0.0,21.819207897058643,360.0,1,2,9,18.84338310008009,9.421691550040045,1.1579241254701182,0,0,1
1,0,0.0,1,0,17.680022580721367,17.321908472487692,21.3755910229861,360.0,1,0,9,35.00193105320906,35.00193105320906,0.6106974781046068,0,1,1
1,1,0.0,1,0,18.11045308573104,18.31532023940565,22.12936282536248,360.0,1,1,9,36.42577332513669,36.42577332513669,0.6075193689873278,0,0,1
1,1,0.0,0,0,17.210287371823508,16.62828112987531,21.173066758874626,360.0,1,1,9,33.838568501698816,33.838568501698816,0.6257081104897112,0,0,1
1,1,0.0,1,0,18.659130554523923,0.0,22.204870377870627,360.0,1,2,9,18.659130554523923,18.659130554523923,1.1900270654619025,0,0,0
1,1,1.0,1,0,17.7159466941405,16.834959406963705,21.383889825800797,360.0,0,1,9,34.550906101104204,17.275453050552102,0.618909668048254,0,0,0
1,1,2.0,1,0,18.01529563264437,16.957591771046214,21.65069431323102,360.0,1,0,9,34.972887403690585,11.657629134563528,0.6190708265896938,0,0,1
1,1,0.0,1,0,18.82058374551861,0.0,20.905587393740365,180.0,1,2,6,18.82058374551861,18.82058374551861,1.1107831551036889,0,0,1
1,1,0.0,1,0,17.89832220437265,17.740568261403872,21.79210596728085,360.0,1,0,9,35.63889046577653,35.63889046577653,0.6114698208185654,0,0,1
0,1,0.0,1,0,18.11045308573104,0.0,21.30659815149915,360.0,1,0,9,18.11045308573104,18.11045308573104,1.1764806794528129,0,0,0
1,1,0.0,1,0,17.47968739943784,17.791972098281533,21.447911684565728,360.0,1,0,9,35.27165949771937,35.27165949771937,0.6080777595948534,0,0,1
1,0,0.0,1,0,17.393234962712047,0.0,20.73123400659559,480.0,0,1,10,17.393234962712047,17.393234962712047,1.191913640621748,0,1,0
1,1,2.0,1,0,18.66754082188389,0.0,21.886416646752092,360.0,1,1,9,18.66754082188389,6.22251360729463,1.172431701399829,0,0,1
1,1,0.0,0,0,17.18693578129276,17.158513730712396,21.141976171804597,360.0,1,0,9,34.34544951200516,34.34544951200516,0.6155684806051118,0,0,1
1,1,3.0,1,0,20.534774888531622,0.0,23.13917961524746,300.0,1,2,8,20.534774888531622,5.1336937221329055,1.1268289884283251,0,0,1
1,1,3.0,0,0,17.84712829027807,0.0,20.982548434876495,180.0,1,0,6,17.84712829027807,4.461782072569518,1.1756820533590489,0,0,0
1,1,0.0,1,0,18.329967979818644,18.31532023940565,21.819207897058643,360.0,1,1,9,36.6452882192243,36.6452882192243,0.595416462998705,0,0,1
1,1,0.0,0,1,18.05689486283569,16.28157420486927,21.05400739885864,360.0,1,1,9,34.33846906770496,34.33846906770496,0.6131318014599478,0,0,0
1,1,0.0,1,0,17.840004738285295,17.263082521959138,21.34168947131042,360.0,1,0,9,35.103087260244436,35.103087260244436,0.6079718662090637,0,0,1
1,1,2.0,1,0,17.30349706969882,17.06990799350363,21.203219797045314,360.0,1,0,9,34.373405063202455,11.457801687734152,0.616849560235854,0,0,1
1,1,3.0,1,0,18.295752240135112,19.012902011453324,22.792657042772746,360.0,0,1,9,37.308654251588436,9.327163562897109,0.6109214470474323,0,0,0
1,1,1.0,1,0,17.909855120186375,0.0,21.34168947131042,360.0,1,1,9,17.909855120186375,8.954927560093187,1.1916170917125952,0,0,1
1,0,0.0,0,0,17.43525427324335,16.96035229717985,21.213072093488325,480.0,0,2,10,34.3956065704232,34.3956065704232,0.6167378397603099,0,1,0
1,1,1.0,1,0,18.44439727056968,18.569100757691327,21.781056131094267,360.0,0,2,9,37.01349802826101,18.506749014130506,0.5884625147956489,0,0,0
1,0,0.0,1,0,17.238338959752724,18.210058485536287,20.79279189959502,360.0,1,0,9,35.44839744528901,35.44839744528901,0.5865650748157678,0,1,0
1,1,0.0,1,0,18.114155583699105,0.0,20.878558721352448,180.0,1,1,6,18.114155583699105,18.114155583699105,1.1526101023522743,0,0,1
1,1,1.0,1,0,20.10992010418995,0.0,22.148780911219582,360.0,1,1,9,20.10992010418995,10.054960052094975,1.1013858233382454,0,0,0
0,1,0.0,1,0,17.875953568510692,0.0,21.270230507328275,360.0,1,1,9,17.875953568510692,17.875953568510692,1.1898794895505187,0,0,1
1,1,0.0,1,1,20.255423071352276,18.1462439114085,21.3755910229861,360.0,1,1,9,38.40166698276077,38.40166698276077,0.5566318522730277,1,0,1
1,1,1.0,1,1,17.366506304714825,0.0,20.777754022230482,300.0,0,0,8,17.366506304714825,8.683253152357413,1.1964268263093043,1,0,0
1,1,0.0,1,0,17.45645947832066,17.347970122039836,20.648542290750473,360.0,1,0,9,34.80442960036049,34.80442960036049,0.5932734001920434,0,0,1
1,1,0.0,1,1,16.193574112134225,18.25505111064012,21.712063259607316,360.0,1,0,9,34.448625222774346,34.448625222774346,0.6302737226579725,1,0,1
1,1,0.0,1,0,18.821119909812193,0.0,21.824541243034005,180.0,1,0,6,18.821119909812193,18.821119909812193,1.1595771849716556,0,0,1
1,0,0.0,0,0,18.174268565698803,0.0,20.459300291111948,360.0,1,0,9,18.174268565698803,18.174268565698803,1.1257289511901347,0,1,1
1,0,0.0,1,0,19.073005929992057,0.0,21.687965708028255,360.0,1,1,9,19.073005929992057,19.073005929992057,1.1371026563738549,0,1,0
1,1,0.0,0,0,18.38534367966268,0.0,21.663273095437884,360.0,1,2,9,18.38534367966268,18.38534367966268,1.1782903530599296,0,0,0
1,0,0.0,1,0,17.938248194687592,0.0,20.918832620490388,360.0,1,1,9,17.938248194687592,17.938248194687592,1.166158054758407,0,1,1
1,0,0.0,1,0,18.02103864914699,0.0,21.3755910229861,360.0,1,0,9,18.02103864914699,18.02103864914699,1.1861464502212749,0,1,1
1,1,1.0,1,0,17.72753356339242,17.53705081851443,21.723897717254317,360.0,1,1,9,35.26458438190685,17.632292190953425,0.616025910924961,0,0,0
1,0,0.0,1,0,18.708322815604124,17.909855136853043,21.819207897058643,360.0,1,0,9,36.61817795245717,36.61817795245717,0.5958572795562735,0,1,1
0,0,0.0,0,0,17.233630606822338,17.448877328575012,21.3755910229861,360.0,1,2,9,34.68250793539735,34.68250793539735,0.6163219529222664,0,1,1
0,1,0.0,1,0,17.81656955613038,17.623416740694452,21.315487098916396,360.0,1,1,9,35.43998629682483,35.43998629682483,0.6014530288017101,0,0,1
1,0,0.0,1,1,18.985994553002424,0.0,21.00693988800065,360.0,1,2,9,18.985994553002424,18.985994553002424,1.1064440068892065,1,1,0
1,1,1.0,0,0,17.543610725231492,17.50439003707821,21.08790895053432,360.0,1,1,9,35.0480007623097,17.52400038115485,0.6016865011373792,0,0,1
1,0,2.0,1,0,18.18201738098012,0.0,21.7000870685606,360.0,0,1,9,18.18201738098012,6.060672460326707,1.1934917129306382,0,0,1
1,1,3.0,0,0,17.972391638653274,0.0,21.574524953158896,180.0,1,2,6,17.972391638653274,4.493097909663319,1.2004259303340854,0,0,0
1,1,1.0,0,0,17.840862248699423,16.66783430593297,21.493374058642484,360.0,1,2,9,34.508696554632394,17.254348277316197,0.6228393478906188,0,0,1
1,1,2.0,0,0,17.95342533488775,0.0,21.40838084580909,360.0,1,1,9,17.95342533488775,5.9844751116292505,1.1924399075093233,0,0,1
0,0,0.0,0,0,18.07152035205467,0.0,21.3755910229861,360.0,1,1,9,18.07152035205467,18.07152035205467,1.1828330216032859,0,1,1
0,0,0.0,1,0,17.764906416457222,0.0,20.970125914877936,360.0,1,2,9,17.764906416457222,17.764906416457222,1.1804242264654674,0,1,1
1,0,0.0,0,0,17.96812402831035,17.51671378646084,20.595432465436527,360.0,1,0,9,35.48483781477119,35.48483781477119,0.5804009186386451,0,1,1
1,0,0.0,1,0,17.49595453325711,0.0,20.665636724109774,360.0,1,2,9,17.49595453325711,17.49595453325711,1.1811665768122332,0,1,1
1,0,0.0,1,0,17.817154864897454,0.0,21.432286366662648,360.0,1,1,9,17.817154864897454,17.817154864897454,1.2029017275304466,0,1,0
0,0,0.0,1,0,18.890684373198102,0.0,21.954075295225906,360.0,1,1,9,18.890684373198102,18.890684373198102,1.162164104884104,0,1,0
1,1,3.0,1,0,17.820659541381904,16.811242881518265,21.44012954412367,360.0,0,1,9,34.63190242290017,8.657975605725042,0.6190861039717672,0,0,0
1,1,1.0,1,1,18.640554956798905,0.0,22.068738203546047,360.0,1,2,9,18.640554956798905,9.320277478399452,1.1839099348003455,1,0,1
1,1,3.0,0,1,18.329091632378457,0.0,21.45563373065964,360.0,1,0,9,18.329091632378457,4.582272908094614,1.1705781258007422,0,0,1
1,1,0.0,1,0,17.742776792805113,17.693687203297102,21.50808020603218,360.0,1,2,9,35.43646399610222,35.43646399610222,0.6069476968243199,0,0,1
1,1,3.0,0,0,17.93617242850375,16.570953184949957,21.193269466192145,360.0,1,1,9,34.50712561345371,8.626781403363427,0.6141708151411275,0,0,1
1,1,0.0,1,0,14.690979295318174,17.175885979828397,21.493374058642484,360.0,1,0,9,31.866865275146573,31.866865275146573,0.6744740617899896,0,0,0
1,1,0.0,1,0,17.903702900701177,17.1618997383427,21.463296603405208,360.0,1,1,9,35.065602639043874,35.065602639043874,0.6120897685501875,0,0,1
1,1,2.0,1,0,18.197537192638155,0.0,20.86476539922011,360.0,0,1,9,18.197537192638155,6.065845730879385,1.1465708341929362,0,0,0
0,1,2.0,1,0,18.04275297883729,17.456459504548103,21.432286366662648,360.0,1,1,9,35.49921248338539,11.833070827795131,0.6037397696271022,0,0,1
1,1,0.0,1,0,17.386056825116345,0.0,20.682443842426157,360.0,0,2,9,17.386056825116345,17.386056825116345,1.189599461825511,0,0,0
1,1,2.0,1,0,17.976641113864424,17.128677898520092,21.34168947131042,360.0,1,1,9,35.10531901238451,11.701773004128171,0.6079332155842669,0,0,1
1,0,0.0,1,0,17.676997876684524,17.614499257151646,21.557912579780055,360.0,1,1,9,35.291497133836174,35.291497133836174,0.6108528776216504,0,1,1
1,1,0.0,1,0,18.613348592800463,16.59804967293841,21.75288525412757,360.0,1,1,9,35.21139826573887,35.21139826573887,0.6177796487932544,0,0,1
1,1,0.0,1,0,18.420680743952367,0.0,21.44012954412367,360.0,1,1,9,18.420680743952367,18.420680743952367,1.163916244037974,0,0,1
1,1,0.0,1,0,17.7667542765457,0.0,21.723897717254317,360.0,1,0,9,17.7667542765457,17.7667542765457,1.2227274255676814,0,0,0
1,1,0.0,0,1,18.143081006842095,0.0,21.51535296536126,360.0,1,2,9,18.143081006842095,18.143081006842095,1.1858709641018204,0,0,0
1,1,2.0,1,0,18.420680743952367,17.115782057909623,21.935206810921525,360.0,1,1,9,35.53646280186199,11.845487600620663,0.6172591496577481,0,0,1
1,1,0.0,1,0,18.14792669208482,0.0,21.65069431323102,480.0,1,1,10,18.14792669208482,18.14792669208482,1.1930119996943742,0,0,1
1,0,0.0,1,1,18.44439727056968,0.0,21.886416646752092,360.0,1,0,9,18.44439727056968,18.44439727056968,1.1866159856399634,1,1,1
1,1,1.0,1,0,17.5007835164841,17.307888422138852,21.23249017934543,360.0,1,1,9,34.80867193862295,17.404335969311475,0.6099770257476074,0,0,1
1,1,0.0,1,0,17.90074710115565,0.0,20.325768898487425,180.0,1,0,6,17.90074710115565,17.90074710115565,1.1354704238671256,0,0,1
1,0,0.0,0,0,17.747806668231977,17.54284122250943,21.3755910229861,360.0,1,0,9,35.29064789074141,35.29064789074141,0.6057012920013305,0,1,1
0,0,0.0,1,0,18.708322815604124,0.0,22.222888883373304,360.0,1,1,9,18.708322815604124,18.708322815604124,1.1878610981010962,0,1,1
1,1,1.0,1,0,17.73708777619723,17.164150724019848,21.52974170281336,360.0,1,1,9,34.901238500217076,17.450619250108538,0.6168761519073156,0,0,1
1,1,1.0,1,0,18.29284737244248,16.819211050770615,21.723897717254317,360.0,1,0,9,35.1120584232131,17.55602921160655,0.6187019130411429,0,0,1
1,1,0.0,1,0,18.336603240761153,0.0,22.12936282536248,360.0,1,2,9,18.336603240761153,18.336603240761153,1.2068409036724017,0,0,0
0,0,0.0,1,1,17.83023454562434,0.0,21.392120324937313,360.0,1,2,9,17.83023454562434,17.83023454562434,1.19976662506591,1,1,1
0,0,1.0,1,0,17.92625326599601,0.0,21.30659815149915,360.0,1,0,9,17.92625326599601,8.963126632998005,1.1885695150762627,0,0,1
1,1,1.0,1,0,17.78655690384188,0.0,21.15244747167189,360.0,1,1,9,17.78655690384188,8.89327845192094,1.1892378938783246,0,0,1
1,1,2.0,1,0,18.349227705878587,18.197537205138154,21.3755910229861,360.0,1,0,9,36.54676491101674,12.182254970338912,0.584883260530198,0,0,1
1,1,1.0,0,0,17.508382033347747,17.272710161259617,21.52974170281336,180.0,1,2,6,34.78109219460737,17.390546097303684,0.6190070622955146,0,0,0
1,0,0.0,1,0,17.674976312653744,18.32874088921649,21.6315243971233,60.0,1,2,3,36.00371720187023,36.00371720187023,0.60081364032044,0,1,1
1,1,2.0,1,1,18.420680743952367,16.85046359274847,21.270230507328275,360.0,1,0,9,35.271144336700836,11.757048112233612,0.6030490619833923,1,0,1
1,1,0.0,0,0,17.81363786244455,18.07356002696832,21.40028363557647,360.0,1,1,9,35.887197889412874,35.887197889412874,0.59632083010554,0,0,1
1,0,0.0,1,1,18.388157552246806,18.054359437386015,21.3755910229861,180.0,1,2,6,36.44251698963282,36.44251698963282,0.5865563849244286,1,1,0
1,1,2.0,1,0,18.860534396247218,0.0,21.30659815149915,360.0,1,2,9,18.860534396247218,6.2868447987490725,1.129692176470813,0,0,1
1,1,1.0,0,0,18.476380316422734,0.0,21.50808020603218,180.0,1,2,6,18.476380316422734,9.238190158211367,1.1640851637436105,0,0,1
1,1,1.0,1,0,17.646583777781387,17.19949399280384,21.40028363557647,480.0,1,1,10,34.846077770585225,17.423038885292613,0.6141375157476457,0,0,1
1,1,0.0,1,0,17.180873486617212,17.21296765346895,21.08790895053432,360.0,1,2,9,34.39384114008617,34.39384114008617,0.6131303818216534,0,0,1
1,1,0.0,0,0,17.09972458414061,17.94650845390125,21.89140418826313,360.0,0,1,9,35.04623303804186,35.04623303804186,0.6246435719496737,0,0,0
0,0,2.0,1,0,17.819784523096526,0.0,21.51535296536126,360.0,1,2,9,17.819784523096526,5.939928174365509,1.2073856974799468,0,0,0
1,0,0.0,0,1,17.537050794317757,17.361443031599993,21.23249017934543,360.0,1,0,9,34.898493825917754,34.898493825917754,0.6084070643638174,0,1,1
1,1,1.0,0,0,17.56680127219961,18.54833490820559,22.219311062025422,180.0,1,1,6,36.1151361804052,18.0575680902026,0.6152354223734268,0,0,1
1,0,0.0,1,1,19.3761921889798,0.0,21.84559465223184,360.0,0,2,9,19.3761921889798,19.3761921889798,1.1274451883614423,1,1,0
0,0,3.0,1,0,17.714002429108067,0.0,22.12936282536248,360.0,1,0,9,17.714002429108067,4.428500607277017,1.2492582020311225,0,0,1
1,0,0.0,0,0,18.38733076427081,0.0,21.333031408567305,360.0,0,0,9,18.38733076427081,18.38733076427081,1.1602027331786737,0,1,0
1,1,3.0,1,0,18.246327356807587,0.0,21.131394062474058,360.0,1,2,9,18.246327356807587,4.561581839201897,1.1581176665993593,0,0,0
1,1,0.0,1,0,19.274789642184857,17.330036654695338,22.305126981610275,360.0,1,0,9,36.60482629688019,36.60482629688019,0.6093493464688652,0,0,0
1,1,3.0,0,0,18.183641087446045,0.0,21.44012954412367,360.0,1,1,9,18.183641087446045,4.545910271861511,1.1790889096972939,0,0,0
1,1,1.0,1,0,18.393597275542625,18.035018277846262,22.387191934664582,360.0,1,2,9,36.42861555338889,18.214307776694444,0.6145496224487165,0,0,1
1,0,0.0,1,0,17.310805263005545,17.38063923293538,21.485939080154967,360.0,1,1,9,34.69144449594093,34.69144449594093,0.6193440311391164,0,1,1
0,0,1.0,1,0,17.835418889033356,0.0,21.6315243971233,36.0,1,1,2,17.835418889033356,8.917709444516678,1.2128408383177416,0,0,0
0,0,0.0,1,0,18.562180306226065,0.0,21.3755910229861,360.0,1,0,9,18.562180306226065,18.562180306226065,1.151566824066264,0,1,1
1,0,0.0,1,1,18.230197974877704,0.0,21.44012954412367,360.0,1,1,9,18.230197974877704,18.230197974877704,1.1760777131257403,1,1,1
1,0,0.0,1,0,17.997865997509088,17.825603585870493,21.60537911701898,360.0,1,0,9,35.82346958337958,35.82346958337958,0.6031068282409717,0,1,1
1,1,2.0,1,0,18.137362469602085,16.91524246659803,21.598734574300313,360.0,1,1,9,35.05260493620011,11.684201645400037,0.6161805838285789,0,0,1
1,1,3.0,1,0,18.054359422961827,17.18197849361665,21.663273095437884,360.0,0,2,9,35.23633791657848,8.80908447914462,0.6147992208136206,0,0,1
0,0,0.0,1,0,17.817154864897454,0.0,21.493374058642484,360.0,1,0,9,17.817154864897454,17.817154864897454,1.2063303160140202,0,1,0
0,0,1.0,1,0,17.644499720062857,17.0327851415296,21.08790895053432,360.0,1,2,9,34.677284861592454,17.338642430796227,0.608118802688923,0,0,1
0,0,0.0,1,0,17.762746255148162,0.0,19.98929666186621,360.0,1,2,9,17.762746255148162,17.762746255148162,1.1253494462362614,0,1,1
1,1,0.0,1,0,18.9991799693514,0.0,21.50075416594011,360.0,1,2,9,18.9991799693514,18.9991799693514,1.1316674825242001,0,0,1
1,0,0.0,1,0,17.629435501052434,17.207061596231057,21.424381187155532,360.0,1,0,9,34.83649709728349,34.83649709728349,0.6149981476991319,0,1,1
1,1,0.0,1,0,17.55127359797706,17.386956943301275,21.598734574300313,360.0,1,1,9,34.93823054127834,34.93823054127834,0.6181977232299197,0,0,1
1,1,2.0,1,0,17.949075833339656,0.0,21.08790895053432,360.0,1,1,9,17.949075833339656,5.983025277779885,1.174874358230991,0,0,1
1,1,1.0,1,0,17.599700191882537,17.19895125196768,21.333031408567305,360.0,1,1,9,34.79865144385022,17.39932572192511,0.6130419002871267,0,0,1
1,1,0.0,1,0,17.97264210828514,17.774111778242798,21.920818073469423,360.0,1,1,9,35.74675388652794,35.74675388652794,0.6132254174198131,0,0,1
1,1,0.0,1,0,17.7204686656703,16.85046359274847,20.970125914877936,360.0,1,2,9,34.570932258418765,34.570932258418765,0.6065825982974833,0,0,1
1,1,0.0,1,0,19.267955746935485,0.0,22.66574152355309,360.0,1,1,9,19.267955746935485,19.267955746935485,1.1763438644578585,0,0,1
0,1,0.0,0,0,17.999086253914317,0.0,21.40838084580909,360.0,1,0,9,17.999086253914317,17.999086253914317,1.1894148704995147,0,0,1
1,0,1.0,0,1,17.98755662785023,17.474343116488484,21.65069431323102,360.0,0,2,9,35.46189974433871,17.730949872169354,0.610533966575985,0,0,0
1,1,0.0,1,0,17.95597505579993,16.36495580701484,21.30659815149915,360.0,1,1,9,34.32093086281477,34.32093086281477,0.6208047863463959,0,0,1
1,1,2.0,1,0,17.421443091257284,16.573797546517742,20.944808106893646,180.0,1,2,6,33.99524063777503,11.331746879258342,0.6161100116944039,0,0,1
0,0,0.0,1,0,17.18197845910533,17.098524861463712,20.577083326768328,360.0,1,2,9,34.28050332056904,34.28050332056904,0.6002561611871561,0,1,1
1,1,0.0,1,0,19.616637505483222,0.0,21.574524953158896,360.0,1,0,9,19.616637505483222,19.616637505483222,1.099807494894495,0,0,0
1,0,0.0,1,0,17.738038196037504,17.704224014428462,21.076735649936197,360.0,1,0,9,35.44226221046597,35.44226221046597,0.5946780576470176,0,1,1
0,0,0.0,1,1,17.543610725231492,17.128677898520092,21.183219130338646,300.0,1,1,8,34.672288623751584,34.672288623751584,0.610955318243039,1,1,0
1,1,0.0,1,0,17.897512596987987,17.281246492014,21.3755910229861,360.0,1,0,9,35.178759089001986,35.178759089001986,0.6076277724551347,0,0,1
0,0,0.0,1,0,18.00492284635877,0.0,21.333031408567305,360.0,1,1,9,18.00492284635877,18.00492284635877,1.184844366766148,0,1,1
1,0,0.0,1,0,18.840232829702003,0.0,21.819207897058643,360.0,1,0,9,18.840232829702003,18.840232829702003,1.1581177416587032,0,1,1
1,1,0.0,1,0,17.711404181462537,17.470212586145827,21.52257321333475,360.0,1,0,9,35.18161676760836,35.18161676760836,0.6117562292688759,0,0,1
1,1,2.0,1,0,18.06970382112827,0.0,21.432286366662648,360.0,0,1,9,18.06970382112827,6.023234607042757,1.1860895219324308,0,0,0
1,1,2.0,1,0,17.73645366076698,17.0327851415296,21.485939080154967,360.0,1,2,9,34.769238802296584,11.589746267432195,0.617958282098939,0,0,1
0,0,0.0,1,0,18.27764143687982,0.0,21.550943910463964,480.0,0,2,10,18.27764143687982,18.27764143687982,1.1790877934053035,0,1,0
1,1,0.0,1,0,17.45645947832066,17.79227208327891,21.735593757017508,360.0,1,1,9,35.24873156159957,35.24873156159957,0.6166347778793989,0,0,1
1,1,3.0,1,0,18.073333589178848,16.811242881518265,21.28857964599647,360.0,1,2,9,34.88457647069711,8.721144117674278,0.6102576496486573,0,0,1
1,1,1.0,1,0,18.51599092375669,0.0,21.886416646752092,360.0,1,1,9,18.51599092375669,9.257995461878345,1.1820278340421426,0,0,1
0,1,1.0,1,0,18.128401453803292,0.0,21.493374058642484,360.0,1,2,9,18.128401453803292,9.064200726901646,1.1856188265365908,0,0,1
0,0,0.0,1,0,18.197537192638155,17.5206570091387,21.60537911701898,480.0,1,0,10,35.71819420177685,35.71819420177685,0.6048844181474379,0,1,0
1,1,1.0,1,0,17.288222074500425,17.661393782255395,21.315487098916396,360.0,1,2,9,34.94961585675582,17.47480792837791,0.6098918851148425,0,0,0
1,1,0.0,0,0,17.175885945106174,17.664465981226822,21.12069877335731,360.0,0,2,9,34.840351926333,34.840351926333,0.6062137035244436,0,0,0
1,1,0.0,0,0,17.64415195445337,17.147715103853763,21.242059630361577,360.0,1,1,9,34.79186705830713,34.79186705830713,0.610546700318277,0,0,1
0,0,0.0,1,0,18.197537192638155,0.0,21.470901202790426,360.0,1,0,9,18.197537192638155,18.197537192638155,1.1798795065233616,0,1,1
1,1,1.0,1,0,17.073607095985757,17.177551259089682,21.15244747167189,360.0,1,2,9,34.25115835507544,17.12557917753772,0.6175688206625998,0,0,1
1,0,0.0,1,0,17.974393641323946,17.50439003707821,21.52974170281336,360.0,1,0,9,35.47878367840215,35.47878367840215,0.6068342674306413,0,1,1
1,0,0.0,0,0,17.281246460764002,0.0,21.574524953158896,360.0,1,2,9,17.281246460764002,17.281246460764002,1.2484356960096898,0,1,0
0,0,0.0,1,0,17.913050011082895,17.098524861463712,21.493374058642484,360.0,1,0,9,35.0115748725466,35.0115748725466,0.6138933806001381,0,1,1
0,0,0.0,1,0,17.463568017557954,17.210287405371545,21.23249017934543,360.0,0,2,9,34.6738554229295,34.6738554229295,0.6123486967447116,0,1,0
1,0,0.0,1,0,19.595414215001114,0.0,22.76188538410599,360.0,1,0,9,19.595414215001114,19.595414215001114,1.1615924590499755,0,1,0
1,1,2.0,0,0,18.62502468478081,0.0,21.80845510528238,360.0,1,0,9,18.62502468478081,6.2083415615936035,1.1709222121516363,0,0,1
0,0,0.0,1,0,17.65865497108964,0.0,21.01891607904737,360.0,1,1,9,17.65865497108964,17.65865497108964,1.1902897538605899,0,1,1
1,0,0.0,0,0,17.662077287913803,17.465649209749305,21.29762948151639,360.0,1,1,9,35.127726497663105,35.127726497663105,0.6062911439182729,0,1,1
0,0,0.0,1,0,17.507186099380213,0.0,20.613450970939205,360.0,1,0,9,17.507186099380213,17.507186099380213,1.177427991792979,0,1,1
1,1,2.0,1,1,18.336603240761153,0.0,21.557912579780055,84.0,1,0,4,18.336603240761153,6.112201080253718,1.1756764487251448,1,0,1
1,1,0.0,1,0,17.493531268743336,17.19949399280384,21.657003482424287,360.0,1,0,9,34.69302526154718,34.69302526154718,0.6242466120828134,0,0,0
1,1,1.0,0,0,17.811580550918034,17.08279556014992,21.29762948151639,180.0,1,2,6,34.894376111067956,17.447188055533978,0.6103456159733749,0,0,1
1,1,2.0,1,0,17.90101617151917,0.0,21.3755910229861,360.0,1,1,9,17.90101617151917,5.96700539050639,1.1940993080043711,0,0,1
1,1,0.0,1,0,17.30983391761591,17.34609746237134,21.065436094682262,360.0,1,2,9,34.65593137998725,34.65593137998725,0.6078450428502092,0,0,1
0,0,1.0,1,0,17.852508453333822,0.0,21.30659815149915,360.0,1,1,9,17.852508453333822,8.926254226666911,1.1934792361081505,0,0,1
1,1,1.0,1,1,18.890684373198102,0.0,21.6315243971233,360.0,1,0,9,18.890684373198102,9.445342186599051,1.1450895038939866,1,0,0
1,1,0.0,1,0,17.463568017557954,17.361443031599993,21.333031408567305,360.0,1,1,9,34.82501104915795,34.82501104915795,0.6125778791126364,0,0,1
1,1,3.0,1,0,18.056434351660155,14.922091346969337,21.40838084580909,360.0,1,1,9,32.97852569862949,8.244631424657372,0.6491612463651998,0,0,1
1,1,2.0,0,0,17.869310864870794,17.05183333574437,21.574524953158896,360.0,1,0,9,34.92114420061516,11.640381400205053,0.6178069317894471,0,0,1
0,0,0.0,1,0,17.740568241662874,17.681699047986644,21.470901202790426,360.0,1,0,9,35.42226728964952,35.42226728964952,0.6061413581243085,0,1,1
1,1,3.0,1,0,19.296149481306266,0.0,22.291881754860256,360.0,1,0,9,19.296149481306266,4.824037370326566,1.155250262569545,0,0,1
1,1,1.0,1,1,18.747506603521774,18.19413141204597,22.51768842359395,360.0,0,0,9,36.94163801556775,18.470819007783874,0.6095476441544001,1,0,0
1,0,0.0,1,0,18.180797868633856,0.0,21.45563373065964,360.0,0,0,9,18.180797868633856,18.180797868633856,1.1801260805872356,0,1,1
1,1,0.0,1,1,18.349055840277064,17.358207530835315,21.80303503781304,360.0,1,1,9,35.707263371112376,35.707263371112376,0.6106050416468479,1,0,1
0,1,0.0,1,0,18.054359422961827,17.484595410249828,21.28857964599647,360.0,1,2,9,35.538954833211655,35.538954833211655,0.5990209826345819,0,0,0
0,0,0.0,1,0,17.50439001207821,0.0,20.79279189959502,360.0,1,2,9,17.50439001207821,17.50439001207821,1.1878615527446417,0,1,1
1,0,1.0,1,0,18.06606082984977,17.17198950968483,21.35027321500181,360.0,1,2,9,35.2380503395346,17.6190251697673,0.6058869037668725,0,0,1
1,0,0.0,1,0,17.664806733484117,0.0,21.173066758874626,360.0,1,1,9,17.664806733484117,17.664806733484117,1.1986016647858653,0,1,1
1,0,0.0,1,0,17.629435501052434,0.0,20.85077915724537,360.0,1,2,9,17.629435501052434,17.629435501052434,1.182725286694553,0,1,1
1,1,0.0,1,0,20.736568956757438,0.0,22.78250467130873,180.0,1,2,6,20.736568956757438,20.736568956757438,1.0986631741643345,0,0,1
1,1,1.0,1,1,18.873843356002073,17.19405328315873,21.79210596728085,180.0,1,2,6,36.06789663916081,18.033948319580404,0.6041967510692048,1,0,1
1,1,0.0,1,1,18.293392678281677,18.08995199587804,20.836594522253414,360.0,1,1,9,36.383344674159716,36.383344674159716,0.5726959604418128,1,0,1
1,1,1.0,1,0,18.246327356807587,16.214132929998282,21.663273095437884,360.0,1,0,9,34.46046028680587,17.230230143402935,0.6286414318073477,0,0,1
1,1,2.0,1,1,17.50439001207821,18.11415559728606,21.758583275242206,360.0,1,0,9,35.618545609364276,11.87284853645476,0.6108779261756767,1,0,1
0,0,3.0,0,0,17.192415247057387,0.0,21.574524953158896,360.0,0,2,9,17.192415247057387,4.298103811764347,1.2548862183195315,0,0,0
0,0,0.0,1,0,18.013614354477227,0.0,20.85077915724537,360.0,1,1,9,18.013614354477227,18.013614354477227,1.1575011403562647,0,1,1
1,1,3.0,0,0,17.56152620344902,17.04994476113081,21.741390874701835,360.0,1,0,9,34.61147096457983,8.652867741144957,0.6281556451891691,0,0,0
0,0,0.0,1,0,17.454359078472645,0.0,20.416740676693152,360.0,1,0,9,17.454359078472645,17.454359078472645,1.1697215913172179,0,1,0
1,1,1.0,0,0,18.104105247845602,16.794300161642305,21.65069431323102,360.0,1,2,9,34.89840540948791,17.449202704743954,0.6203920797866828,0,0,1
1,1,3.0,0,0,17.742776792805113,0.0,20.892164373408225,360.0,1,1,9,17.742776792805113,4.435694198201278,1.1775025193283286,0,0,1
1,1,2.0,1,0,17.537050794317757,17.4339675746057,21.416413017506358,360.0,1,0,9,34.97101836892345,11.657006122974485,0.6124046143459688,0,0,1
1,1,0.0,1,0,17.50398993205687,17.487447316775075,21.663273095437884,360.0,1,1,9,34.99143724883194,34.99143724883194,0.6191021232247621,0,0,1
1,1,0.0,0,0,17.847412179563158,17.760581436788467,21.61197980105033,360.0,0,0,9,35.60799361635162,35.60799361635162,0.6069418017174056,0,0,0
1,1,2.0,0,0,17.714002429108067,17.36190439260987,21.424381187155532,360.0,1,2,9,35.075906821717936,11.691968940572645,0.6108004932288794,0,0,1
1,1,0.0,1,0,18.433873337738348,18.1104530993684,22.144927341903593,360.0,1,1,9,36.54432643710675,36.54432643710675,0.6059744288902217,0,0,1
1,1,0.0,1,0,17.553180176247643,18.420680753952364,21.819207897058643,360.0,1,0,9,35.973860930200004,35.973860930200004,0.6065295003890296,0,0,1
1,1,0.0,1,0,18.79450381472413,0.0,22.017444909158495,360.0,1,1,9,18.79450381472413,18.79450381472413,1.1714831700908979,0,0,1
1,0,0.0,1,0,18.75715298057358,18.01529564764317,22.31819906317763,360.0,1,0,9,36.77244862821675,36.77244862821675,0.6069271940202567,0,1,0
1,1,3.0,1,0,17.568678501960573,17.321908472487692,21.141976171804597,360.0,1,0,9,34.89058697444827,8.722646743612067,0.6059507163719454,0,0,1
0,1,0.0,1,1,18.29284737244248,0.0,21.242059630361577,360.0,0,0,9,18.29284737244248,18.29284737244248,1.1612221540951564,1,0,0
0,1,0.0,1,0,17.473105722038444,15.904902554259646,21.45563373065964,360.0,1,1,9,33.37800827629809,33.37800827629809,0.6428074902808207,0,0,1
0,0,0.0,1,0,17.926515561079484,0.0,21.34168947131042,180.0,1,2,6,17.926515561079484,17.926515561079484,1.1905096335422636,0,1,1
1,1,2.0,1,0,18.708322815604124,17.740884067495323,21.694044754104635,360.0,1,0,9,36.44920688309945,12.149735627699817,0.5951856462523908,0,0,1
1,1,1.0,1,0,17.942644943009366,0.0,20.79279189959502,360.0,1,2,9,17.942644943009366,8.971322471504683,1.1588476484731478,0,0,0
1,1,0.0,0,0,17.686711568872166,17.098524861463712,21.193269466192145,480.0,0,2,10,34.78523643033588,34.78523643033588,0.6092604691256229,0,0,0
1,1,3.0,1,0,18.230391529509102,17.740884067495323,21.886416646752092,360.0,1,1,9,35.97127559700442,8.992818899251105,0.6084414934836152,0,0,1
0,0,1.0,1,0,18.140543471118036,0.0,20.982548434876495,360.0,1,1,9,18.140543471118036,9.070271735559018,1.1566659217395157,0,0,0
1,1,2.0,1,0,18.197537192638155,17.88747318633715,22.051931085229665,360.0,1,1,9,36.085010378975305,12.028336792991768,0.6111105651247942,0,0,1
1,1,0.0,1,0,18.146243898250606,17.435254300032888,21.45563373065964,360.0,1,2,9,35.5814981982835,35.5814981982835,0.6029997278668465,0,0,1
1,1,0.0,1,0,17.69103554035222,17.69765152951716,21.141976171804597,300.0,1,2,8,35.38868706986938,35.38868706986938,0.5974218859847245,0,0,1
1,0,0.0,1,1,18.50825196420051,0.0,21.536859170582222,360.0,1,0,9,18.50825196420051,18.50825196420051,1.1636355076773204,1,1,1
1,0,0.0,0,0,18.4152258932694,0.0,21.47844840842581,360.0,1,0,9,18.4152258932694,18.4152258932694,1.1663418376136232,0,1,0
1,0,0.0,1,0,17.50439001207821,0.0,21.15244747167189,480.0,1,1,10,17.50439001207821,17.50439001207821,1.2084081454467412,0,1,0
1,0,0.0,1,0,18.222034664238542,0.0,21.40838084580909,360.0,0,0,9,18.222034664238542,18.222034664238542,1.1748622610088586,0,1,0
1,1,1.0,1,0,18.43260931481764,0.0,21.75288525412757,360.0,1,1,9,18.43260931481764,9.21630465740882,1.180130543788004,0,0,1
1,1,0.0,1,0,19.57023960023858,18.249370353146762,22.93373564103265,360.0,1,0,9,37.81960995338534,37.81960995338534,0.6063979948312447,0,0,0
0,0,0.0,1,1,19.345510910843988,0.0,20.595432465436527,360.0,1,1,9,19.345510910843988,19.345510910843988,1.064610418424871,1,1,1
1,1,2.0,1,0,18.233869121885547,0.0,21.6315243971233,360.0,1,1,9,18.233869121885547,6.077956373961849,1.1863375925606294,0,0,1
1,1,2.0,1,1,18.82058374551861,18.65153847234491,22.528270532924488,300.0,1,0,8,37.47212221786352,12.490707405954508,0.6012008180893722,1,0,1
1,0,1.0,1,0,17.70716757743955,17.27472527522819,21.29762948151639,180.0,0,2,6,34.98189285266774,17.49094642633387,0.6088186700249474,0,0,0
0,0,0.0,1,0,17.604778186109478,16.965850592582264,21.28857964599647,360.0,1,2,9,34.57062877869174,34.57062877869174,0.615799607877485,0,1,1
1,1,0.0,1,0,18.160250607852138,16.507973303438746,21.3755910229861,180.0,1,2,6,34.66822391129088,34.66822391129088,0.6165758902931401,0,0,1
1,1,3.0,1,0,18.75715298057358,18.196736884977394,21.45563373065964,360.0,1,0,9,36.95388986555098,9.238472466387744,0.5806055548880372,0,0,1
1,1,0.0,1,0,18.04903718431971,0.0,21.45563373065964,360.0,1,1,9,18.04903718431971,18.04903718431971,1.188741178354901,0,0,1
1,0,0.0,1,0,17.709451055841654,0.0,20.85077915724537,480.0,1,2,10,17.709451055841654,17.709451055841654,1.177381449684603,0,1,0
1,1,2.0,1,0,18.272830176673587,0.0,21.45563373065964,360.0,1,2,9,18.272830176673587,6.090943392224529,1.174182298155931,0,0,1
1,1,0.0,1,0,17.791972079529657,17.50439003707821,21.44012954412367,360.0,1,1,9,35.29636211660787,35.29636211660787,0.6074317084942736,0,0,1
1,0,0.0,1,0,18.36997674957766,18.030773989528484,22.278458734528115,360.0,1,1,9,36.400750739106144,36.400750739106144,0.6120329466335392,0,1,1
0,0,0.0,1,0,18.37985874943211,0.0,21.637955287453593,360.0,1,2,9,18.37985874943211,18.37985874943211,1.1772645036307556,0,1,1
1,0,0.0,1,1,18.55758643721584,0.0,21.44012954412367,360.0,1,2,9,18.55758643721584,18.55758643721584,1.1553296338756158,1,1,1
1,1,2.0,1,0,18.10673682831166,0.0,21.193269466192145,360.0,1,2,9,18.10673682831166,6.035578942770553,1.1704632185880333,0,0,0
1,0,1.0,1,0,17.887473169293244,0.0,21.315487098916396,180.0,1,2,6,17.887473169293244,8.943736584646622,1.1916432744401202,0,0,1
1,0,0.0,0,0,17.440811030435338,17.05810294851229,21.470901202790426,360.0,1,1,9,34.49891397894763,34.49891397894763,0.6223645537332763,0,1,1
1,1,0.0,0,0,17.69003935896484,17.731047402622064,21.574524953158896,360.0,0,2,9,35.421086761586906,35.421086761586906,0.609087041805725,0,0,0
1,1,0.0,1,0,17.43525427324335,17.470626407783904,21.50075416594011,360.0,1,2,9,34.905880681027256,34.905880681027256,0.6159636641864369,0,0,1
1,1,0.0,1,0,18.29066317062764,0.0,21.416413017506358,360.0,1,0,9,18.29066317062764,18.29066317062764,1.1708931938508527,0,0,1
1,0,3.0,1,0,18.803709359183692,0.0,21.80845510528238,360.0,1,0,9,18.803709359183692,4.700927339795923,1.159795372748153,0,0,1
1,1,3.0,1,0,18.839812042824345,0.0,22.204870377870627,360.0,1,0,9,18.839812042824345,4.709953010706086,1.178614220109906,0,0,1
1,1,0.0,1,0,17.537050794317757,17.337154122253125,21.3755910229861,360.0,1,2,9,34.87420491657088,34.87420491657088,0.6129341464306542,0,0,1
1,1,2.0,0,0,17.277740321434713,17.073607134447293,21.315487098916396,180.0,1,1,6,34.351347455882006,11.450449151960669,0.6205138568812248,0,0,1
1,1,2.0,1,0,17.719501391695157,16.924571561468124,21.315487098916396,360.0,1,2,9,34.64407295316328,11.548024317721094,0.6152708178317735,0,0,1
1,1,2.0,1,0,17.77472244619488,15.862429037070774,21.493374058642484,360.0,1,1,9,33.637151483265654,11.212383827755218,0.6389772353148081,0,0,1
0,0,0.0,1,0,17.74498047699614,0.0,20.85077915724537,360.0,0,2,9,17.74498047699614,17.74498047699614,1.1750240685964946,0,1,0
1,1,0.0,1,0,17.6976515089105,16.965850592582264,21.141976171804597,360.0,1,2,9,34.66350210149277,34.66350210149277,0.6099203741705639,0,0,1
1,0,0.0,0,0,17.949588522404976,17.098524861463712,21.2794471624332,360.0,1,0,9,35.04811338386869,35.04811338386869,0.6071495754812103,0,1,1
0,0,0.0,1,0,16.99356438831222,17.175885979828397,21.22282826843369,360.0,0,1,9,34.169450368140616,34.169450368140616,0.6211053452654224,0,1,0
1,1,2.0,0,0,17.649009701688154,0.0,20.394761769974377,180.0,0,2,6,17.649009701688154,5.883003233896051,1.15557541837736,0,0,0
1,0,0.0,0,0,17.601516722808935,0.0,20.76248655009969,300.0,1,0,8,17.601516722808935,17.601516722808935,1.179585082187526,0,1,0
1,0,0.0,1,0,17.50439001207821,19.583831556883048,21.22282826843369,360.0,1,1,9,37.08822156896126,37.08822156896126,0.5722255576200195,0,1,1
0,0,0.0,0,0,17.26257319549838,0.0,20.558391193756176,360.0,1,1,9,17.26257319549838,17.26257319549838,1.1909227529947424,0,1,1
0,0,0.0,1,1,18.595104528619178,0.0,21.855957439267385,360.0,1,0,9,18.595104528619178,18.595104528619178,1.1753608271268132,1,1,0
0,0,0.0,1,0,18.102566955046928,0.0,21.333031408567305,360.0,1,1,9,18.102566955046928,18.102566955046928,1.1784533907010206,0,1,1
1,1,0.0,0,0,17.36144300275828,17.463568043599622,21.333031408567305,360.0,1,2,9,34.8250110463579,34.8250110463579,0.6125778791618897,0,0,1
0,0,0.0,0,0,17.38244834127297,0.0,20.777754022230482,360.0,1,0,9,17.38244834127297,17.38244834127297,1.1953295424382584,0,1,1
1,1,1.0,1,0,18.70435479500661,0.0,21.61197980105033,300.0,0,1,8,18.70435479500661,9.352177397503304,1.1554517671371352,0,0,0
1,1,3.0,1,0,20.982548434876495,0.0,22.47420331165421,360.0,0,0,9,20.982548434876495,5.245637108719124,1.0710902625297096,0,0,0
0,0,1.0,0,1,17.940578292829215,0.0,20.715233665249148,360.0,1,1,9,17.940578292829215,8.970289146414608,1.1546580788607552,0,0,0
1,1,0.0,1,0,18.421640283447065,0.0,21.663273095437884,360.0,1,2,9,18.421640283447065,18.421640283447065,1.1759687390543403,0,0,1
1,1,0.0,0,0,18.3957320985884,0.0,21.972594342993144,360.0,0,0,9,18.3957320985884,18.3957320985884,1.1944397877309387,0,0,0
1,1,0.0,0,0,17.40036194165416,17.29761184559301,21.28857964599647,360.0,1,0,9,34.69797378724717,34.69797378724717,0.6135395621810296,0,0,1
0,1,0.0,0,0,17.35310189786443,17.762746274456163,21.76988283049614,360.0,0,1,9,35.1158481723206,35.1158481723206,0.6199446678225429,0,0,0
0,0,0.0,1,0,17.685043511771468,0.0,20.682443842426157,360.0,1,2,9,17.685043511771468,17.685043511771468,1.1694878685856536,0,1,1
0,0,1.0,1,0,17.543610725231492,0.0,21.663273095437884,360.0,1,2,9,17.543610725231492,8.771805362615746,1.2348240869413176,0,0,0
1,1,2.0,1,1,17.05810290944979,19.583831556883048,22.064562832135564,360.0,1,2,9,36.64193446633284,12.21397815544428,0.602166974901634,1,0,0
1,1,0.0,1,0,16.612791892794426,17.608029069376464,21.30659815149915,360.0,1,0,9,34.22082096217089,34.22082096217089,0.6226208943102897,0,0,1
1,1,0.0,1,0,17.765522749296455,16.936641285019867,21.51535296536126,360.0,1,1,9,34.702164034316326,34.702164034316326,0.6200003245931616,0,0,1
1,1,0.0,1,0,18.35094473926747,0.0,21.51535296536126,360.0,1,0,9,18.35094473926747,18.35094473926747,1.1724384368790872,0,0,1
0,0,0.0,0,0,17.588731160511962,0.0,20.970125914877936,360.0,0,2,9,17.588731160511962,17.588731160511962,1.192247793402941,0,1,0
1,1,0.0,1,0,17.18693578129276,17.129842042963116,21.193269466192145,360.0,1,2,9,34.31677782425588,34.31677782425588,0.6175774886187672,0,0,1
1,1,1.0,1,0,18.56910074907064,17.09912492146521,21.28857964599647,360.0,0,2,9,35.66822567053585,17.834112835267923,0.5968499762964702,0,0,0
1,1,0.0,1,0,19.288117309609,0.0,21.15244747167189,360.0,1,1,9,19.288117309609,19.288117309609,1.0966569277932645,0,0,1
1,1,0.0,1,0,17.568678501960573,18.046714317438457,21.383889825800797,360.0,1,0,9,35.615392819399034,35.615392819399034,0.600411455076059,0,0,1
0,0,1.0,0,0,18.11545908160255,0.0,20.982548434876495,360.0,1,0,9,18.11545908160255,9.057729540801274,1.1582675515071912,0,0,0
1,1,2.0,1,0,18.368966308265687,0.0,21.47844840842581,360.0,1,1,9,18.368966308265687,6.122988769421895,1.1692791008474392,0,0,1
1,1,0.0,1,0,17.659682896484245,12.460408667573079,21.05400739885864,360.0,1,0,9,30.120091564057326,30.120091564057326,0.6990021047606192,0,0,1
1,0,0.0,0,0,17.587627610648266,0.0,20.682443842426157,180.0,1,2,6,17.587627610648266,17.587627610648266,1.1759655310136408,0,1,1
0,0,1.0,1,1,18.742648294370696,0.0,21.598734574300313,360.0,1,1,9,18.742648294370696,9.371324147185348,1.1523843501234259,1,0,1
1,0,0.0,1,0,18.459901457105648,0.0,21.242059630361577,360.0,0,0,9,18.459901457105648,18.459901457105648,1.150713598321242,0,1,0
1,0,0.0,1,0,19.143464393640617,0.0,22.591986347310595,360.0,1,1,9,19.143464393640617,19.143464393640617,1.1801409547801371,0,1,1
1,1,0.0,1,0,17.4739308045935,17.438250236283068,21.550943910463964,360.0,1,1,9,34.91218104087657,34.91218104087657,0.6172901052853519,0,0,1
1,0,0.0,1,0,17.909855120186375,0.0,21.193269466192145,360.0,1,2,9,17.909855120186375,17.909855120186375,1.1833300338820163,0,1,1
0,1,0.0,1,0,18.895373362684232,0.0,21.574524953158896,240.0,1,1,7,18.895373362684232,18.895373362684232,1.1417887616746234,0,0,1
1,0,0.0,1,0,17.24354459357999,17.203825347560947,20.5001222856322,360.0,1,1,9,34.447369941140934,34.447369941140934,0.5951142952469252,0,1,1
1,1,0.0,1,0,17.38244834127297,16.705882371415992,21.574524953158896,360.0,1,2,9,34.08833071268896,34.08833071268896,0.6329005997682382,0,0,1
1,0,0.0,1,1,18.931442365670268,0.0,21.819207897058643,360.0,0,2,9,18.931442365670268,18.931442365670268,1.1525380621090429,1,1,0
0,1,0.0,0,1,18.55409212937631,0.0,21.51535296536126,360.0,1,0,9,18.55409212937631,18.55409212937631,1.159601494664158,0,0,1
1,0,0.0,1,0,17.88556242761733,18.210255977387952,21.819207897058643,360.0,1,1,9,36.09581840500528,36.09581840500528,0.6044802102072037,0,1,1
1,1,0.0,1,0,18.655088613944653,17.19405328315873,21.781056131094267,360.0,1,0,9,35.84914189710338,35.84914189710338,0.6075753833553874,0,0,1
1,0,3.0,0,0,18.13715004262306,17.27774035279447,21.58531155396817,360.0,1,1,9,35.41489039541753,8.853722598854382,0.6094981888398328,0,0,1
1,0,1.0,1,0,20.21826322648321,0.0,21.61197980105033,360.0,1,1,9,20.21826322648321,10.109131613241605,1.0689335458221525,0,0,1
1,1,0.0,1,0,18.580483989315717,18.708322823104425,21.75288525412757,300.0,1,0,8,37.28880681242014,37.28880681242014,0.583362330780778,0,0,1
1,1,1.0,1,1,17.831100471497468,16.778719691465596,21.45563373065964,360.0,1,0,9,34.60982016296306,17.30491008148153,0.619929073009744,1,0,1
1,1,2.0,0,0,18.125396514860473,0.0,21.28857964599647,360.0,1,0,9,18.125396514860473,6.041798838286824,1.1745166307695722,0,0,1
1,1,0.0,1,0,17.851943481567382,16.907280065136717,20.595432465436527,360.0,1,0,9,34.7592235467041,34.7592235467041,0.5925170462384912,0,0,0
1,1,2.0,1,0,17.794070087192665,17.12459268726833,21.598734574300313,360.0,0,0,9,34.918662774461,11.639554258153666,0.6185441496945672,0,0,0
1,0,1.0,0,1,17.60658552439288,17.02117959587697,21.83512335236454,360.0,1,1,9,34.62776512026985,17.313882560134925,0.6305669244470832,0,0,0
1,1,2.0,0,0,17.424913810576413,16.8152349025886,21.416413017506358,360.0,0,0,9,34.24014871316501,11.413382904388337,0.6254766355401941,0,0,0
1,1,2.0,0,0,17.260022824312372,16.963792272904374,20.682443842426157,300.0,1,2,8,34.22381509721674,11.407938365738914,0.6043289967432112,0,0,1
1,1,0.0,1,0,17.96130840177529,17.13795332700215,21.592045586149514,360.0,0,0,9,35.09926172877744,35.09926172877744,0.6151709330241116,0,0,0
1,1,0.0,1,0,17.497566786730086,17.490696710290894,21.08790895053432,180.0,0,0,6,34.98826349702098,34.98826349702098,0.6027137915069668,0,0,1
1,0,0.0,1,1,18.5460791533467,0.0,21.01891607904737,360.0,1,1,9,18.5460791533467,18.5460791533467,1.1333347553007955,1,1,1
1,1,2.0,1,0,17.938507362759538,0.0,21.15244747167189,360.0,1,1,9,17.938507362759538,5.979502454253179,1.1791642996777154,0,0,1
1,1,0.0,1,0,18.046946834005656,0.0,21.35878390466972,360.0,1,2,9,18.046946834005656,18.046946834005656,1.1835123193483126,0,0,1
1,1,0.0,1,0,17.898591927907663,17.531616022660334,21.741390874701835,360.0,1,2,9,35.430207950568,35.430207950568,0.6136399454678699,0,0,0
1,0,2.0,1,0,18.05919424301641,0.0,21.50075416594011,360.0,1,0,9,18.05919424301641,6.019731414338803,1.1905710673805154,0,0,1
1,1,0.0,1,0,18.708442813204318,0.0,21.663273095437884,360.0,1,1,9,18.708442813204318,18.708442813204318,1.1579410061936348,0,0,0
1,1,0.0,1,1,17.32190844248289,17.994931307848866,21.663273095437884,360.0,1,1,9,35.31683975033175,35.31683975033175,0.61339783651606,1,0,1
1,1,3.0,1,0,18.634500967805693,0.0,21.44012954412367,180.0,1,2,6,18.634500967805693,4.658625241951423,1.1505609718857073,0,0,1
1,1,0.0,1,0,17.691699110383205,17.371087193328687,21.618537201596492,360.0,1,0,9,35.06278630371189,35.06278630371189,0.6165664364017718,0,0,1
0,0,1.0,0,0,18.235025637049148,0.0,21.470901202790426,360.0,1,1,9,18.235025637049148,9.117512818524574,1.1774538533780157,0,0,1
1,0,0.0,1,0,18.015055623042837,0.0,21.173066758874626,360.0,0,1,9,18.015055623042837,18.015055623042837,1.1752984393671488,0,1,0
1,0,0.0,1,0,18.37985874943211,0.0,21.52974170281336,360.0,1,0,9,18.37985874943211,18.37985874943211,1.1713768857706033,0,1,1
1,1,3.0,0,0,17.668886983959613,17.097323660163166,20.836594522253414,180.0,0,2,6,34.76621064412278,8.691552661030695,0.5993346452261641,0,0,0
1,1,0.0,1,0,19.403028842933363,0.0,21.28857964599647,360.0,1,1,9,19.403028842933363,19.403028842933363,1.0971781683327153,0,0,1
0,1,2.0,0,0,15.027451531939388,17.65865499251576,21.173066758874626,360.0,1,1,9,32.68610652445515,10.89536884148505,0.6477696186614739,0,0,1
1,1,0.0,1,0,18.054359422961827,17.484595410249828,21.28857964599647,360.0,1,2,9,35.538954833211655,35.538954833211655,0.5990209826345819,0,0,0
1,1,1.0,1,1,17.826473511247325,17.319986319142462,21.67569561543644,360.0,1,1,9,35.14645983038979,17.573229915194894,0.6167248627611223,1,0,1
1,1,1.0,0,0,17.563790355359657,16.993564429978885,21.315487098916396,180.0,0,0,6,34.557354785338546,17.278677392669273,0.6168147773845178,0,0,0
1,1,3.0,1,0,18.133745059550375,0.0,21.193269466192145,360.0,1,1,9,18.133745059550375,4.533436264887594,1.1687199415561669,0,0,1
0,0,0.0,1,1,17.50439001207821,0.0,21.12069877335731,360.0,1,2,9,17.50439001207821,17.50439001207821,1.206594389109464,1,1,1
1,0,2.0,1,0,18.298648694006566,18.12453631320031,21.67569561543644,360.0,1,0,9,36.423185007206875,12.141061669068959,0.5951070893758351,0,0,1
1,1,2.0,1,1,19.392973665941806,16.602002247010127,21.598734574300313,360.0,1,0,9,35.99497591295193,11.99832530431731,0.6000485908514951,1,0,1
1,1,2.0,1,0,18.490206806600977,17.147715103853763,22.02617858912725,300.0,1,1,8,35.637921910454736,11.879307303484913,0.6180545163231208,0,0,1
1,1,2.0,1,0,17.643456060201206,17.215106691646206,21.470901202790426,360.0,0,1,9,34.858562751847415,11.619520917282472,0.6159433868699169,0,0,0
1,1,1.0,1,1,19.401529996764094,17.399029524198163,21.042446576457564,360.0,1,1,9,36.80055952096225,18.400279760481126,0.5717969196764906,1,0,1
1,1,2.0,1,0,17.668886983959613,17.059976192820866,21.574524953158896,360.0,1,2,9,34.72886317678048,11.576287725593494,0.6212275029947857,0,0,0
0,0,0.0,0,0,18.058275125304647,0.0,21.625051882617683,360.0,1,0,9,18.058275125304647,18.058275125304647,1.1975148087269416,0,1,1
1,1,3.0,0,0,17.717887186340615,0.0,21.315487098916396,360.0,1,0,9,17.717887186340615,4.429471796585154,1.203049035967974,0,0,1
1,1,0.0,1,0,17.32190844248289,17.73550175288287,21.44012954412367,360.0,1,1,9,35.05741019536576,35.05741019536576,0.6115719736467539,0,0,1
1,1,0.0,1,0,18.970696311167487,0.0,22.043420395561757,360.0,1,1,9,18.970696311167487,18.970696311167487,1.1619721297517924,0,0,1
1,1,2.0,1,0,18.708322815604124,0.0,22.09343081613642,360.0,1,1,9,18.708322815604124,6.236107605201375,1.180941286607951,0,0,1
1,1,1.0,0,0,17.260022824312372,17.47845665570852,21.463296603405208,360.0,1,0,9,34.73847948002089,17.369239740010446,0.6178536575197361,0,0,1
1,0,2.0,1,0,17.85420145599554,0.0,20.970125914877936,360.0,0,0,9,17.85420145599554,5.951400485331846,1.1745205164488637,0,0,0
1,1,1.0,1,0,19.496801994784942,0.0,22.80270737862625,360.0,1,2,9,19.496801994784942,9.748400997392471,1.1695614175455842,0,0,0
1,1,2.0,1,1,18.11045308573104,17.321908472487692,21.663273095437884,360.0,1,1,9,35.43236155821873,11.81078718607291,0.6113979464745265,1,0,1
1,0,0.0,1,0,17.478046036738608,0.0,20.905587393740365,360.0,1,2,9,17.478046036738608,17.478046036738608,1.196105522882656,0,1,0
1,0,0.0,0,0,17.580980614239923,17.612347176024954,21.15244747167189,360.0,1,1,9,35.193327790264874,35.193327790264874,0.6010357303444049,0,1,1
1,1,1.0,0,0,18.26201321182252,16.711201532598867,21.813845953917255,360.0,1,2,9,34.973214744421384,17.486607372210692,0.6237300778132444,0,0,1
1,0,0.0,0,0,17.89399670425192,0.0,21.28857964599647,360.0,1,0,9,17.89399670425192,17.89399670425192,1.189705128365087,0,1,1
0,0,0.0,0,1,19.43666476303847,0.0,22.004199682408476,360.0,1,1,9,19.43666476303847,19.43666476303847,1.132097504930606,0,1,1
1,1,0.0,1,0,17.868199444917543,17.356817676586502,21.367222773315586,360.0,0,0,9,35.225017121504045,35.225017121504045,0.6065922608245206,0,0,0
0,1,1.0,1,0,17.78986966097479,16.497079950272525,21.242059630361577,84.0,1,1,4,34.286949611247316,17.143474805623658,0.6195377504038283,0,0,1
1,1,0.0,0,0,17.543610725231492,17.11872756803093,21.260928114665962,360.0,1,0,9,34.66233829326242,34.66233829326242,0.6133725871228545,0,0,1
1,1,0.0,1,0,18.119575651168443,17.637871425328786,21.29762948151639,12.0,1,2,1,35.75744707649723,35.75744707649723,0.5956138153809913,0,0,1
1,1,1.0,1,1,17.651084391229013,0.0,21.141976171804597,360.0,1,1,9,17.651084391229013,8.825542195614506,1.1977720860204057,1,0,1
1,0,0.0,1,0,18.425946853624865,18.07333360333193,21.930433532168866,360.0,0,0,9,36.4992804569568,36.4992804569568,0.600845640177241,0,1,0
0,0,0.0,1,0,16.14959431801769,17.891826934636846,21.315487098916396,480.0,1,0,10,34.04142125265454,34.04142125265454,0.626163253899225,0,1,1
0,0,0.0,1,0,17.738354802024002,0.0,21.193269466192145,360.0,1,1,9,17.738354802024002,17.738354802024002,1.1947708625026447,0,1,1
1,1,2.0,1,0,18.170165995842023,18.315142445825504,21.925637359905373,360.0,1,1,9,36.48530844166753,12.161769480555842,0.6009442785706455,0,0,1
1,1,1.0,0,0,17.986816161322505,18.256183399858894,21.51535296536126,360.0,1,0,9,36.2429995611814,18.1214997805907,0.593641619784848,0,0,0
1,1,0.0,0,0,17.92677778738228,16.98216638550415,21.40838084580909,300.0,1,1,8,34.908944172886436,34.908944172886436,0.6132634874255765,0,0,1
1,1,2.0,1,0,17.84371531768183,18.07333360333193,22.081160723544603,360.0,1,0,9,35.91704892101376,11.972349640337919,0.6147821546281248,0,0,1
1,1,0.0,1,0,19.6246375481503,18.48526927321451,22.76188538410599,360.0,1,2,9,38.10990682136481,38.10990682136481,0.5972695102824404,0,0,1
1,0,0.0,1,0,17.864299718526873,0.0,21.15244747167189,360.0,1,2,9,17.864299718526873,17.864299718526873,1.1840625048254714,0,1,0
1,1,0.0,1,1,17.49595453325711,17.691035561095664,21.824541243034005,360.0,1,2,9,35.18699009435277,35.18699009435277,0.6202446183806062,1,0,1
0,0,1.0,1,0,19.17300208315073,0.0,20.276978734317993,360.0,1,2,9,19.17300208315073,9.586501041575366,1.057579749190005,0,0,1
1,0,0.0,0,0,17.868477415732396,16.840413257380593,21.193269466192145,360.0,1,0,9,34.70889067311299,34.70889067311299,0.6106005998805767,0,1,0
1,1,1.0,1,0,18.39063382260007,17.283244494614298,22.1095601980663,360.0,1,1,9,35.67387831721437,17.836939158607183,0.6197688964868553,0,0,1
1,1,2.0,1,0,17.77685691872351,17.298595129811144,21.58531155396817,360.0,1,2,9,35.07545204853466,11.691817349511552,0.6153965321416275,0,0,1
1,1,0.0,1,0,17.34422125992539,18.485119269465542,20.836594522253414,180.0,1,1,6,35.82934052939093,35.82934052939093,0.5815511593120472,0,0,0
1,0,0.0,1,0,18.34854006617468,17.88720044667012,22.32789219238329,360.0,1,0,9,36.2357405128448,36.2357405128448,0.6161842389965378,0,1,0
1,1,3.0,1,0,17.831100471497468,17.820076299171795,21.598734574300313,360.0,1,0,9,35.65117677066927,8.912794192667317,0.6058351092654507,0,0,1
0,1,2.0,1,0,17.296627562802303,17.07790557504254,21.315487098916396,480.0,1,1,10,34.37453313784484,11.458177712614948,0.6200953192131935,0,0,1
1,1,0.0,0,0,17.71107892532046,17.175885979828397,21.40028363557647,360.0,0,1,9,34.88696490514886,34.88696490514886,0.6134177534147739,0,0,0
1,0,0.0,1,0,18.13203821040546,17.23781693547374,21.80845510528238,360.0,1,1,9,35.3698551458792,35.3698551458792,0.6165831048879259,0,1,0
0,0,0.0,0,0,17.81187471182617,0.0,21.141976171804597,360.0,1,0,9,17.81187471182617,17.81187471182617,1.1869596274314353,0,1,0
1,1,2.0,0,0,17.372913649289824,17.143133194512668,20.394761769974377,360.0,1,1,9,34.51604684380249,11.505348947934165,0.590877682553509,0,0,1
1,0,0.0,1,0,17.50439001207821,0.0,20.595432465436527,360.0,1,1,9,17.50439001207821,17.50439001207821,1.1765866991780614,0,1,1
1,1,3.0,1,1,18.324522204392643,16.941569137084286,21.193269466192145,360.0,1,0,9,35.26609134147693,8.816522835369232,0.6009531722974486,1,0,1
1,1,2.0,1,1,18.661019604893625,18.557446907808558,22.76188538410599,360.0,1,0,9,37.21846651270218,12.406155504234059,0.6115750463909537,1,0,1
1,0,0.0,1,0,18.13139739013361,17.323826938246413,21.574524953158896,360.0,1,1,9,35.45522432838003,35.45522432838003,0.6085005908674969,0,1,0
1,1,2.0,1,1,19.450300161133523,0.0,22.579563827312036,360.0,1,0,9,19.450300161133523,6.483433387044507,1.160885109240193,1,0,1
1,1,0.0,1,0,17.916499662905043,0.0,21.28857964599647,360.0,1,1,9,17.916499662905043,17.916499662905043,1.1882108696752358,0,0,1
1,1,1.0,0,0,18.252971899526255,16.945773768182164,21.669503645188517,360.0,0,1,9,35.19874566770842,17.59937283385421,0.6156328367424829,0,0,1
1,0,1.0,0,0,17.573542870766527,16.852000871993503,21.131394062474058,360.0,1,1,9,34.42554374276003,17.212771871380014,0.6138289120536596,0,0,1
1,0,0.0,0,0,18.502518762168,0.0,21.45563373065964,360.0,1,1,9,18.502518762168,18.502518762168,1.1596061058740748,0,1,1
1,1,0.0,1,0,16.612791892794426,18.292847383806116,21.96337768788822,360.0,1,0,9,34.90563927660054,34.90563927660054,0.629221470887418,0,0,1
1,1,3.0,1,0,18.042285907366864,0.0,21.193269466192145,360.0,1,2,9,18.042285907366864,4.510571476841716,1.1746443646333473,0,0,1
1,0,2.0,1,0,17.865694224400606,0.0,21.28857964599647,360.0,0,0,9,17.865694224400606,5.955231408133535,1.191589835726672,0,0,0
1,0,1.0,1,0,19.008467408854486,0.0,21.866213939434573,360.0,1,1,9,19.008467408854486,9.504233704427243,1.1503407123316474,0,0,0
0,0,0.0,0,1,19.48759594587722,0.0,21.416413017506358,360.0,1,2,9,19.48759594587722,19.48759594587722,1.0989766555600817,0,1,1
1,0,0.0,0,0,17.52419263937439,17.302029030553776,21.424381187155532,360.0,1,0,9,34.82622166992817,34.82622166992817,0.6151796020311646,0,1,1
1,1,0.0,1,0,18.401783306847904,17.950613128659565,22.368842795996386,360.0,1,2,9,36.35239643550747,36.35239643550747,0.6153333752200021,0,0,1
1,0,2.0,1,0,17.873744233174016,0.0,21.260928114665962,360.0,1,1,9,17.873744233174016,5.9579147443913385,1.1895061178734598,0,0,1
1,1,0.0,0,0,17.65865497108964,15.964478278897191,20.777754022230482,360.0,1,0,9,33.62313324998683,33.62313324998683,0.6179600773000126,0,0,0
1,1,3.0,1,0,18.447049998972435,0.0,21.644345085552363,180.0,1,0,6,18.447049998972435,4.611762499743109,1.173322839519491,0,0,1
0,1,1.0,1,0,18.115893203597647,17.633662369750716,21.52974170281336,180.0,1,1,6,35.74955557334836,17.87477778667418,0.6022380238724979,0,0,1
0,0,0.0,1,0,17.347970092806907,0.0,21.183219130338646,360.0,0,1,9,17.347970092806907,17.347970092806907,1.2210776832686592,0,1,0
0,0,1.0,1,0,17.883374242936778,0.0,21.141976171804597,360.0,1,1,9,17.883374242936778,8.941687121468389,1.1822140433120354,0,0,1
1,1,1.0,0,0,17.394128617820673,17.513944249645302,21.44012954412367,360.0,1,2,9,34.908072867465975,17.454036433732988,0.6141882889245853,0,0,1
0,1,0.0,0,0,17.69236224038098,16.177119085676253,21.213072093488325,360.0,1,1,9,33.86948132605723,33.86948132605723,0.6263181856631564,0,0,1
1,1,0.0,1,0,17.60622431795948,17.25592868483099,21.6315243971233,360.0,1,0,9,34.86215300279047,34.86215300279047,0.6204873346574966,0,0,1
1,0,0.0,0,0,17.799444838859404,0.0,20.970125914877936,36.0,1,1,2,17.799444838859404,17.799444838859404,1.1781337061196628,0,1,0
1,0,0.0,1,0,17.514736304132356,17.16639665413834,21.56483302262463,360.0,1,0,9,34.681132958270695,34.681132958270695,0.6218030145835212,0,1,1
0,0,0.0,1,0,18.197537192638155,0.0,21.22282826843369,360.0,0,1,9,18.197537192638155,18.197537192638155,1.1662472808144293,0,1,0
1,1,0.0,1,0,17.612347153583304,17.289214661415162,21.28857964599647,360.0,1,0,9,34.901561814998466,34.901561814998466,0.609960659034118,0,0,1
1,1,2.0,1,1,18.480156470747474,0.0,21.574524953158896,360.0,0,0,9,18.480156470747474,6.160052156915825,1.1674427642054626,1,0,0
1,1,1.0,0,0,17.501184881129262,17.453096744006448,21.574524953158896,360.0,1,0,9,34.95428162513571,17.477140812567853,0.6172212372874115,0,0,1
1,1,1.0,1,0,17.791972079529657,17.76675429577647,21.65069431323102,360.0,1,2,9,35.55872637530612,17.77936318765306,0.6088714788240115,0,0,1
1,1,0.0,0,0,17.485818626492776,17.435254300032888,21.786596311469882,360.0,0,2,9,34.92107292652567,34.92107292652567,0.6238810690985677,0,0,0
1,1,0.0,1,0,17.86708678833544,18.03877591490394,21.470901202790426,180.0,0,0,6,35.90586270323938,35.90586270323938,0.5979775887922991,0,0,0
1,1,1.0,1,0,18.28701219906576,16.61959800782544,19.84619581822554,360.0,1,1,9,34.9066102068912,17.4533051034456,0.5685512199723002,0,0,1
0,0,0.0,1,0,17.569053525403934,17.073607134447293,21.01891607904737,360.0,1,2,9,34.64266065985123,34.64266065985123,0.6067350393616572,0,1,1
1,1,3.0,1,1,18.904488654174497,0.0,22.148780911219582,360.0,1,1,9,18.904488654174497,4.726122163543624,1.1716149173031813,1,0,1
1,1,0.0,1,0,17.94573693207414,17.569803174043454,21.67569561543644,360.0,1,1,9,35.5155401061176,35.5155401061176,0.6103158096616633,0,0,1
0,1,0.0,1,0,18.01841052674072,17.42361372915413,21.79210596728085,360.0,1,1,9,35.44202425589485,35.44202425589485,0.6148662900837643,0,0,1
1,1,2.0,0,0,17.889652412868855,15.169281985643034,21.270230507328275,360.0,1,1,9,33.05893439851189,11.019644799503963,0.6434033913774829,0,0,1
0,1,1.0,1,1,19.557692896148353,0.0,22.985028935420203,360.0,1,1,9,19.557692896148353,9.778846448074177,1.1752423487510033,1,0,1
1,1,0.0,1,0,18.366942357498882,17.307888422138852,21.939957413680123,360.0,1,0,9,35.67483077963773,35.67483077963773,0.6149982195907957,0,0,1
1,0,0.0,0,1,18.34595719775643,0.0,21.470901202790426,360.0,1,1,9,18.34595719775643,18.34595719775643,1.1703342034078306,0,1,1
1,1,2.0,1,0,18.76273735886748,0.0,22.14105886512567,360.0,0,2,9,18.76273735886748,6.25424578628916,1.180054831107123,0,0,0
1,1,0.0,0,0,18.08481632257404,0.0,21.3755910229861,360.0,1,0,9,18.08481632257404,18.08481632257404,1.181963401878979,0,0,1
1,0,0.0,1,0,17.791972079529657,0.0,20.836594522253414,360.0,1,2,9,17.791972079529657,17.791972079529657,1.17112338245105,0,1,1
1,1,3.0,1,0,17.81187471182617,17.50439003707821,21.40028363557647,360.0,0,0,9,35.31626474890438,8.829066187226095,0.6059611283280001,0,0,0
0,0,0.0,1,0,17.454359078472645,0.0,18.785323857540273,360.0,1,2,9,17.454359078472645,17.454359078472645,1.07625400469211,0,1,0
1,1,0.0,1,0,17.740568241662874,17.312745158104377,21.23249017934543,360.0,0,2,9,35.05331339976725,35.05331339976725,0.6057199197462004,0,0,0
1,1,1.0,1,0,17.81686225333721,17.147715103853763,21.813845953917255,360.0,1,2,9,34.964577357190976,17.482288678595488,0.6238841594185871,0,0,1
1,1,0.0,1,0,18.22047216392065,16.96035229717985,21.694044754104635,360.0,0,2,9,35.1808244611005,35.1808244611005,0.6166440123679244,0,0,0
1,1,2.0,1,0,19.40146999616407,0.0,22.204870377870627,360.0,1,2,9,19.40146999616407,6.467156665388024,1.1444942255540855,0,0,1
1,1,2.0,0,0,18.400478036634848,17.073607134447293,21.819207897058643,480.0,1,1,10,35.47408517108214,11.824695057027379,0.6150745760413657,0,0,0
1,1,3.0,1,0,18.44533433139102,0.0,21.598734574300313,360.0,1,1,9,18.44533433139102,4.611333582847755,1.1709592347991604,0,0,0
1,1,2.0,1,0,17.738354802024002,15.813742179793396,21.270230507328275,84.0,1,2,4,33.5520969818174,11.184032327272467,0.6339463825123977,0,0,1
1,1,0.0,1,0,17.71529902572408,17.38109182401426,21.50075416594011,360.0,0,1,9,35.09639084973834,35.09639084973834,0.6126200912792834,0,0,0
1,0,0.0,1,0,17.760271771980193,17.59569219330354,21.28857964599647,360.0,1,2,9,35.355963965283735,35.355963965283735,0.6021213186804883,0,1,1
1,1,1.0,1,0,17.165835609252674,17.390997352724913,21.260928114665962,360.0,1,0,9,34.55683296197759,17.278416480988795,0.6152452725647362,0,0,1
1,0,0.0,1,0,17.74560921011965,17.65865499251576,21.669503645188517,360.0,1,2,9,35.40426420263541,35.40426420263541,0.6120591440952893,0,1,1
1,1,2.0,1,0,18.46603644567316,0.0,21.911109259342464,360.0,1,1,9,18.46603644567316,6.155345481891054,1.1865626564641882,0,0,1
1,0,0.0,1,0,17.195688572402354,20.109654160377037,21.08790895053432,360.0,1,2,9,37.305342732779394,37.305342732779394,0.565278520601952,0,1,0
0,1,0.0,1,0,17.740568241662874,0.0,20.171618218660164,360.0,1,1,9,17.740568241662874,17.740568241662874,1.1370333770531704,0,0,1
1,1,1.0,1,0,17.21937105704591,0.0,20.698973144377366,360.0,1,0,9,17.21937105704591,8.609685528522956,1.2020748653248663,0,0,0
1,1,1.0,1,0,17.613065028703865,17.238860776870588,21.57170590191239,360.0,0,0,9,34.85192580557445,17.425962902787226,0.6189530536204133,0,0,0
1,1,1.0,1,0,18.04275297883729,17.6867115897055,21.735593757017508,84.0,1,0,4,35.72946456854279,17.864732284271394,0.6083380766963445,0,0,0
1,1,0.0,1,0,17.419703203911016,17.00812458070794,21.23249017934543,360.0,1,2,9,34.427827784618955,34.427827784618955,0.6167246540262786,0,0,1
0,0,0.0,0,0,17.36051964165851,0.0,20.836594522253414,360.0,1,1,9,17.36051964165851,17.36051964165851,1.2002287346430387,0,1,1
1,0,0.0,1,0,18.146243898250606,0.0,21.131394062474058,360.0,1,1,9,18.146243898250606,18.146243898250606,1.1645051273950549,0,1,1
1,1,2.0,1,1,17.590934613478396,0.0,21.251538374316123,360.0,0,1,9,17.590934613478396,5.863644871159465,1.2080960358998165,1,0,0
1,1,0.0,1,0,17.686711568872166,17.81656957442663,20.613450970939205,180.0,1,1,6,35.50328114329879,35.50328114329879,0.580606927222837,0,0,1
1,1,2.0,1,1,18.37985874943211,0.0,21.911109259342464,240.0,1,1,7,18.37985874943211,6.126619583144037,1.192126096182293,1,0,0
1,0,3.0,1,1,18.824224006497833,0.0,22.26485308247234,360.0,1,1,9,18.824224006497833,4.706056001624458,1.182776675138739,1,0,1
1,1,0.0,1,0,17.938507362759538,17.782021767615884,21.543926337805317,180.0,1,0,6,35.720529130375425,35.720529130375425,0.6031245018564172,0,0,1
1,1,0.0,1,1,19.368160017282538,0.0,22.148780911219582,360.0,1,2,9,19.368160017282538,19.368160017282538,1.1435666006195657,1,0,1
1,0,0.0,0,0,17.931747066602473,0.0,21.28857964599647,360.0,1,0,9,17.931747066602473,17.931747066602473,1.1872005313774492,0,1,1
1,1,2.0,0,1,18.441737486477976,16.588099342704055,21.819207897058643,360.0,1,0,9,35.02983682918203,11.67661227639401,0.6228749509584323,0,0,0
1,0,0.0,1,0,17.68236881943803,0.0,21.065436094682262,360.0,0,1,9,17.68236881943803,17.68236881943803,1.1913243248000385,0,1,0
1,1,0.0,1,1,18.886977511266775,0.0,21.781056131094267,360.0,1,0,9,18.886977511266775,18.886977511266775,1.1532314325095727,1,0,1
1,1,2.0,1,0,18.342502962888343,0.0,21.84559465223184,360.0,1,2,9,18.342502962888343,6.114167654296114,1.1909822065413407,0,0,1
0,0,3.0,1,0,15.711029261483182,20.317808730306236,22.446032434687513,180.0,1,2,6,36.028837991789416,9.007209497947354,0.6230018420189606,0,0,0
1,1,0.0,0,0,17.65073890841335,17.61485748748957,21.6315243971233,360.0,1,0,9,35.26559639590292,35.26559639590292,0.613388872097351,0,0,1
1,1,3.0,1,0,18.329091632378457,0.0,21.44012954412367,360.0,1,2,9,18.329091632378457,4.582272908094614,1.1697322471916474,0,0,1
1,0,0.0,1,0,17.889924484697495,18.046946848537157,21.735593757017508,360.0,1,0,9,35.93687133323465,35.93687133323465,0.604827102378172,0,1,1
0,1,1.0,1,0,19.073005929992057,0.0,22.794675206928982,360.0,1,1,9,19.073005929992057,9.536502964996028,1.1951275688057459,0,0,1
1,1,0.0,0,0,17.463568017557954,17.923100363383764,21.574524953158896,180.0,1,2,6,35.386668380941714,35.386668380941714,0.609679462358721,0,0,0
1,1,1.0,1,0,17.81187471182617,17.50439003707821,21.741390874701835,360.0,1,1,9,35.31626474890438,17.65813237445219,0.6156197726254818,0,0,1
1,1,2.0,0,0,17.971138348603272,16.93239799736956,21.644345085552363,360.0,1,0,9,34.90353634597283,11.634512115324277,0.6201189722155385,0,0,1
1,1,0.0,1,0,17.761200420862906,17.25592868483099,21.270230507328275,360.0,1,0,9,35.0171291056939,35.0171291056939,0.6074235966954147,0,0,1
0,0,0.0,1,0,17.652810017196483,0.0,20.85077915724537,360.0,1,0,9,17.652810017196483,17.652810017196483,1.1811592113059386,0,1,1
1,1,3.0,1,0,18.000548598800798,0.0,20.276978734317993,180.0,1,0,6,18.000548598800798,4.500137149700199,1.126464486513975,0,0,1
1,1,1.0,1,0,18.676500563255363,15.160983184980543,22.121488768931577,360.0,1,2,9,33.837483748235904,16.918741874117952,0.6537569085669637,0,0,1
1,1,2.0,1,0,18.614008179922855,0.0,21.819207897058643,360.0,1,2,9,18.614008179922855,6.2046693933076185,1.1721928821645695,0,0,1
0,0,0.0,1,1,18.11045308573104,0.0,21.47844840842581,360.0,0,1,9,18.11045308573104,18.11045308573104,1.1859696887069249,1,1,0
